2021pdf.dita,,,,,,
accessing_monitoring.dita,accessing_monitoring.dita,,,,,
add_ceph_rados_node.dita,add_ceph_rados_node.dita,,,,,
add_hpelinux_compute.dita,add_hpelinux_compute.dita,,,,,
add_monitor_node.dita,add_monitor_node.dita,,,,,
add_network_node.dita,add_network_node.dita,,,,,
add_new_storage_policy.dita,add_new_storage_policy.dita,,,,,
add_osd_datadisk.dita,add_osd_datadisk.dita,,,,,
add_osd_node.dita,add_osd_node.dita,,,,,
add_rados_gateway.dita,add_rados_gateway.dita,,,,,
add_rhel_compute.dita,add_rhel_compute.dita,,,,,
add_sles_compute.dita,add_sles_compute.dita,,,,,
add_swift_disk.dita,add_swift_disk.dita,,,,,
add_swift_object_node.dita,add_swift_object_node.dita,,,,,
add_swift_pac_node.dita,add_swift_pac_node.dita,,,,,
add_vsa_node.dita,add_vsa_node.dita,,,,,
adding_compute_nodes.dita,adding_compute_nodes.dita,,,,,
adding_moonshot_nodes.dita,adding_moonshot_nodes.dita,,,,,
address_info_yml.dita,,address_info_yml.dita,,,,
admin_role_segregation.dita,admin_role_segregation.dita,,,,,
alarm_definitions.dita,alarm_definitions.dita,,,,,
alarm_explorer.dita,alarm_explorer.dita,,,,,
alarm_metrics.dita,alarm_metrics.dita,,,,,
alarm_resolutions.dita,alarm_resolutions.dita,,,,,
alarms_monitoring.dita,alarms_monitoring.dita,,,,,
allditaslist.txt,allfilesW2or3lines.txt,,,,,
allocate_pac.dita,allocate_pac.dita,,,,,
allocating_disk_drives.dita,allocating_disk_drives.dita,,,,,
allocating_network.dita,allocating_network.dita,,,,,
allocating_server.dita,allocating_server.dita,,,,,
allow_user_to_create_cinder_vol.dita,allow_user_to_create_cinder_vol.dita,,,,,
alternative_configurations.dita,apache_metrics.dita,alternative_configurations.dita,,,,
alternative_supported_choice.dita,arcsight.dita,alternative_supported_choice.dita,,,,
apache_metrics.dita,,,,,,
api_verification.dita,,,,,,
architecture_index.dita,,,,,,
arcsight.dita,,api_verification.dita,,,,
audit_logs_backup.dita,audit_logs_backup.dita,architecture_index.dita,,,,
audit_logs_checklist.dita,audit_logs_checklist.dita,,,,,
audit_logs_enable.dita,audit_logs_enable.dita,,,,,
audit_logs_overview.dita,audit_logs_overview.dita,,,,,
autoscaling.dita,autoscaling.dita,,,,,
backup_limitations.dita,,backup_limitations.dita,,,,
barbican_admin.dita,barbican_admin.dita,,,,,
barbican_features.dita,barbican_features.dita,,,,,
barbican_new_features.dita,barbican_new_features.dita,,,,,
barbican.dita,barbican.dita,,,,,
block_storage_alarm.dita,block_storage_alarm.dita,,,,,
blockstorage_index.dita,blockstorage_index.dita,,,,,
blockstorage_nodes.dita,blockstorage_nodes.dita,,,,,
blockstorage_overview.dita,blockstorage_overview.dita,,,,,
blockstorageconfig_troubleshooting.dita,,blockstorageconfig_troubleshooting.dita,,,,
boeing.dita,,boeing.dita,,,,
bonddata.dita,,bonddata.dita,,,,
bonddataoptionslinux.dita,,bonddataoptionslinux.dita,,,,
bonddataoptionsopenvswitch.dita,,bonddataoptionsopenvswitch.dita,,,,
bonddataoptionswindows.dita,,bonddataoptionswindows.dita,,,,
brocade_zone_manager.dita,,brocade_zone_manager.dita,,,,
bura_overview.dita,,bura_overview.dita,,,,
cap_storage.dita,cap_storage.dita,,,,,
capacity_reporting_transform.dita,capacity_reporting_transform.dita,,,,,
ceilometer_features.dita,ceilometer_features.dita,,,,,
ceilometer_metrics.dita,ceilometer_metrics.dita,,,,,
central_log_access_data.dita,central_log_access_data.dita,,,,,
central_log_configure_CL.dita,central_log_configure_CL.dita,,,,,
central_log_configure_manage.dita,central_log_configure_manage.dita,,,,,
central_log_configure_services.dita,central_log_configure_services.dita,,,,,
central_log_GS.dita,central_log_GS.dita,,,,,
central_log_troubleshoot.dita,central_log_troubleshoot.dita,,,,,
central_log_understanding.dita,central_log_understanding.dita,,,,,
centralized_logging.dita,centralized_logging.dita,,,,,
ceph_config_parameters.dita,ceph_config_parameters.dita,,,,,
ceph_deployment.dita,,ceph_deployment.dita,,,,
ceph_metrics.dita,ceph_metrics.dita,,,,,
ceph_nodes.dita,ceph_nodes.dita,,,,,
ceph_overview.dita,,,,,,
ceph_storage_unplanned.dita,ceph_storage_unplanned.dita,ceph_overview.dita,,,,
ceph_twonetworks_config.dita,ceph_twonetworks_config.dita,,,,,
cert_iso.dita,,,,,,
cert_ramdisk.dita,,cert_iso.dita,,,,
change_default_backup_jobs.dita,,cert_ramdisk.dita,,,,
change_horizon_timeout.dita,change_horizon_timeout.dita,change_default_backup_jobs.dita,,,,
change_keystone_credential.dita,,,,,,
change_service_passwords.dita,change_service_passwords.dita,change_keystone_credential.dita,,,,
changes_entryscale_kvm_vsa.dita,,,,,,
changing_swift_zone.dita,changing_swift_zone.dita,changes_entryscale_kvm_vsa.dita,,,,
charts.dita,charts.dita,,,,,
cinder_backend_config.dita,cinder_backend_config.dita,,,,,
cinder_features.dita,cinder_features.dita,,,,,
cinder_meters.dita,,cinder_meters.dita,,,,
cinder_metrics.dita,cinder_metrics.dita,,,,,
cleanupErrorInstances.dita,,cleanupErrorInstances.dita,,,,
cloud_control_plane_backup.dita,,cloud_control_plane_backup.dita,,,,
cloud_verification.dita,,cloud_verification.dita,,,,
cloud.dita,,cloud.dita,,,,
cloudadmin_cli.dita,cloudadmin_cli.dita,,,,,
cloudadmin_dashboard.dita,cloudadmin_dashboard.dita,,,,,
clouddiagram_txt.dita,,clouddiagram_txt.dita,,,,
cloudinstallation_overview.dita,,cloudinstallation_overview.dita,,,,
clusters.dita,,clusters.dita,,,,
code_enghost.dita,code_enghost.dita,,,,,
comp_planned.dita,comp_planned.dita,,,,comp_planned-COMPUTE.dita,
compute_alarmdefinitions.dita,compute_alarmdefinitions.dita,,,,,
compute_hosts.dita,compute_hosts.dita,,,,,
compute_instances.dita,compute_instances.dita,,,,,
compute_maintenance.dita,compute_maintenance.dita,,,,,
compute_metrics.dita,compute_metrics.dita,,,,,
compute_summary.dita,compute_summary.dita,,,,,
computehost_meters.dita,,computehost_meters.dita,,,,
concepts.dita,,concepts.dita,,,,
config_availability_zones.dita,,config_availability_zones.dita,,,,
config_ceph_boot.dita,config_ceph_boot.dita,,,,,
config_drives.dita,,config_drives.dita,,,,
config_metrics.dita,config_metrics.dita,,,,,
config_mon_database.dita,config_mon_database.dita,,,,,
config_mon_notemail.dita,config_mon_notemail.dita,,,,,
configneutronprovidervlans.dita,,configneutronprovidervlans.dita,,,,
configuration_data.dita,,configuration_data.dita,,,,
configurationdata_ironic.dita,,configurationdata_ironic.dita,,,,
configurationdata_neutron.dita,,configurationdata_neutron.dita,,,,
configurationdata_octavia.dita,,configurationdata_octavia.dita,,,,
configurationdata_swift.dita,,configurationdata_swift.dita,,,,
configurationdata.dita,,configurationdata.dita,,,,
configurationobjects.dita,,configurationobjects.dita,,,,
configure_3par.dita,,configure_3par.dita,,,,
configure_ceph_rgw.dita,,configure_ceph_rgw.dita,,,,
configure_compute.dita,configure_compute.dita,,,,,
configure_dashboard.dita,configure_dashboard.dita,,,,,
configure_firewall.dita,configure_firewall.dita,,,,,
configure_glance.dita,configure_glance.dita,,,,,
configure_horizon_v3.dita,configure_horizon_v3.dita,,,,,
configure_identity.dita,configure_identity.dita,,,,,
configure_lbaas.dita,,configure_lbaas.dita,,,,
configure_logging_level.dita,configure_logging_level.dita,,,,,
configure_logging.dita,configure_logging.dita,,,,,
configure_monitoring.dita,configure_monitoring.dita,,,,,
configure_mtu.dita,,configure_mtu.dita,,,,
configure_orchestration.dita,configure_orchestration.dita,,,,,
configure_vsa_ao.dita,,configure_vsa_ao.dita,,,,
configure_vsa_separate_iscsi_network.dita,configure_vsa_separate_iscsi_network.dita,,,,,
configure_vsa.dita,,configure_vsa.dita,,,,
configuring_alarm_definitions.dita,configuring_alarm_definitions.dita,,,,,
configuring_check_plugins.dita,configuring_check_plugins.dita,,,,,
configuring_tls.dita,configuring_tls.dita,,,,,
connect_opsconsole.dita,connect_opsconsole.dita,,,,,
console_alarmdefinitions.dita,console_alarmdefinitions.dita,,,,,
cont_planned.dita,cont_planned.dita,,,,,
cont_unplanned.dita,cont_unplanned.dita,,,,,
contacting_support.dita,contacting_support.dita,,,,,
control_plane_topology_yml.dita,,control_plane_topology_yml.dita,,,,
control_plane.yml,,control_plane.yml,,,,
controller_nodes.dita,controller_nodes.dita,,,,,
controlplane.dita,,controlplane.dita,,,,
controlplanes_regions.dita,,controlplanes_regions.dita,,,,
controlplanes.dita,,controlplanes.dita,,,,
cpinfofiles.dita,,cpinfofiles.dita,,,,
cpu_assignments.dita,,cpu_assignments.dita,,,,
cpu_components_roles.dita,,cpu_components_roles.dita,,,,
cpu_sizing_vms.dita,,cpu_sizing_vms.dita,,,,
cpu_usage.dita,,cpu_usage.dita,,,,
cpumodel.dita,,cpumodel.dita,,,,
cpumodels.dita,,cpumodels.dita,,,,
crash_metrics.dita,crash_metrics.dita,,,,,
create_extnet.dita,create_extnet.dita,,,,,
create_ha_router.dita,,create_ha_router.dita,,,,
create_hdp_servicenet.dita,create_hdp_servicenet.dita,,,,,
create_image.dita,create_image.dita,,,,,
create_keypair.dita,create_keypair.dita,,,,,
create_magnum_cluster_dashboard.dita,create_magnum_cluster_dashboard.dita,,,,,
create_magnum_cluster.dita,create_magnum_cluster.dita,,,,,
create_multiple_vsa_clusters.dita,create_multiple_vsa_clusters.dita,,,,,
create_network.dita,create_network.dita,,,,,
creating_aggregates.dita,creating_aggregates.dita,,,,,
creating_object_server_resource.dita,creating_object_server_resource.dita,,,,,
creating_pac_cluster.dita,creating_pac_cluster.dita,,,,,
creating_roles_swift_nodes.dita,creating_roles_swift_nodes.dita,,,,,
creating_voltype.dita,creating_voltype.dita,,,,,
crt_adding_transform_spark.dita,crt_adding_transform_spark.dita,,,,,
crt_aggregated_metrics.dita,crt_aggregated_metrics.dita,,,,,
crt_arch_transform_spark.dita,crt_arch_transform_spark.dita,,,,,
crt_change_compute_host.dita,crt_change_compute_host.dita,,,,,
crt_components.dita,crt_components.dita,,,,,
crt_deployment.dita,crt_deployment.dita,,,,,
crt_features.dita,crt_features.dita,,,,,
crt_increasing_scale.dita,crt_increasing_scale.dita,,,,,
crt_overview.dita,crt_overview.dita,,,,,
crt_reconfigure.dita,crt_reconfigure.dita,,,,,
crt_upgrade.dita,crt_upgrade.dita,,,,,
cs_opsconsole_appliances.dita,cs_opsconsole_appliances.dita,,,,,
cs_opsconsole_backup_restore.dita,cs_opsconsole_backup_restore.dita,,,,,
cs_opsconsole_block_storage_devices.dita,cs_opsconsole_block_storage_devices.dita,,,,,
cs_opsconsole_block_storage_summary.dita,cs_opsconsole_block_storage_summary.dita,,,,,
cs_opsconsole_compute_storage_summary.dita,cs_opsconsole_compute_storage_summary.dita,,,,,
cs_opsconsole_hardware_baremetal.dita,cs_opsconsole_hardware_baremetal.dita,,,,,
cs_opsconsole_hardware_oneview.dita,cs_opsconsole_hardware_oneview.dita,,,,,
cs_opsconsole_integrated_tools.dita,cs_opsconsole_integrated_tools.dita,,,,,
cs_opsconsole_system_networking.dita,cs_opsconsole_system_networking.dita,,,,,
customizing_inputmodel.dita,,customizing_inputmodel.dita,,,,
dar.dita,dar.dita,,,,,
dcn_core.dita,,dcn_core.dita,,,,
dcn_integration.dita,,dcn_integration.dita,,,,
DCN_integration.dita,,DCN_integration.dita,,,,
DCN_ml2.dita,,DCN_ml2.dita,,,,
DCN_upgrade.dita,,DCN_upgrade.dita,,,,
ded_lifecyclemanager_recovery.dita,ded_lifecyclemanager_recovery.dita,,,,,
deploy_esx_cloud.dita,,deploy_esx_cloud.dita,,,,
deploy_fails_with_msdos_disks.dita,deploy_fails_with_msdos_disks.dita,,,,,
deploy_kubernetes_app.dita,deploy_kubernetes_app.dita,,,,,
deploy_monitor_standalone_node.dita,deploy_monitor_standalone_node.dita,,,,,
deploy_vsa_virtual_control_plane.dita,,deploy_vsa_virtual_control_plane.dita,,,,
deploying_apache_mesos_ubuntu.dita,deploying_apache_mesos_ubuntu.dita,,,,,
deploying_docker_fedora_atomic.dita,deploying_docker_fedora_atomic.dita,,,,deploying_docker_fedora_atomic-CONTAINER_SERVICE.dita,
deploying_kubernetes_coreos.dita,deploying_kubernetes_coreos.dita,,,,deploying_kubernetes_coreos-CONTAINER_SERVICE.dita,
deploying_kubernetes_fedora_atomic.dita,deploying_kubernetes_fedora_atomic.dita,,,,deploying_kubernetes_fedora_atomic-CONTAINER_SERVICE.dita,
designate_cfg_dns_ns.dita,,,,,,
designate_initialconfig.dita,designate_initialconfig.dita,,,,,
designate_install_overview.dita,,designate_install_overview.dita,,,,
designate_monitor_support.dita,designate_monitor_support.dita,,,,,
designate_overview.dita,designate_overview.dita,,,,,
devicegroups.dita,,devicegroups.dita,,,,
directory_metrics.dita,directory_metrics.dita,,,,,
disable_bura_before_deployment.dita,,disable_bura_before_deployment.dita,,,,
disk_sizing_vms.dita,,disk_sizing_vms.dita,,,,
disk.dita,disk.dita,,,,,
diskmodel.dita,,diskmodel.dita,,,,
diskmodels.dita,,diskmodels.dita,,,,
documentation_updates.dita,documentation_updates.dita,,,,,
dpdk_componentoptions.dita,,dpdk_componentoptions.dita,,,,
dpdk_configurations.dita,,dpdk_configurations.dita,,,,
dpdk_ovs.dita,,dpdk_ovs.dita,,,,
dpdk_setup.dita,,dpdk_setup.dita,,,,
dpdkdevices_devices.dita,,dpdkdevices_devices.dita,,,,
dpdkdevices.dita,,dpdkdevices.dita,,,,
elasticsearch_metrics.dita,elasticsearch_metrics.dita,,,,,
enable_barbican_for_upgrade.dita,enable_barbican_for_upgrade.dita,,,,,
enable_mon_console.dita,enable_mon_console.dita,,,,,
enable_new_cluster_compute_resource.dita,,enable_new_cluster_compute_resource.dita,,,,
enabling_cpu_pinning.dita,enabling_cpu_pinning.dita,,,,,
enabling_pcipt_on_gen9.dita,,enabling_pcipt_on_gen9.dita,,,,
enabling_resize_esx_compute.dita,enabling_resize_esx_compute.dita,,,,,
enabling_resize.dita,enabling_resize.dita,,,,,
encrypted_ephvol.dita,encrypted_ephvol.dita,,,,,
encrypted_storage.dita,encrypted_storage.dita,,,,,
endpoints.dita,,endpoints.dita,,,,
enhancements_to_openstack.dita,enhancements_to_openstack.dita,,,,,
entryscale_esx_kvm_vsa_mml.dita,,entryscale_esx_kvm_vsa_mml.dita,,,,
entryscale_esx_kvm_vsa.dita,,entryscale_esx_kvm_vsa.dita,,,,
entryscale_ironic_multi_tenancy.dita,,entryscale_ironic_multi_tenancy.dita,,,,
entryscale_ironic.dita,,entryscale_ironic.dita,,,,
entryscale_kvm_ceph_onenetwork.dita,,entryscale_kvm_ceph_onenetwork.dita,,,,
entryscale_kvm_ceph_twonetwork.dita,,entryscale_kvm_ceph_twonetwork.dita,,,,
entryscale_kvm_ceph.dita,,entryscale_kvm_ceph.dita,,,,
entryscale_kvm_dedicated.dita,,entryscale_kvm_dedicated.dita,,,,
entryscale_kvm_vsa.dita,,entryscale_kvm_vsa.dita,,,,
entryscale_swift.dita,,entryscale_swift.dita,,,,
eon_logging.dita,,eon_logging.dita,,,,
eon_service.dita,,eon_service.dita,,,,
esx_alarmdefinitions.dita,esx_alarmdefinitions.dita,,,,,
esx_examples.dita,,esx_examples.dita,,,,
esx_host_commissioning.dita,,esx_host_commissioning.dita,,,,
esx_mitaka.dita,,esx_mitaka.dita,,,,
esx_monitoring.dita,,esx_monitoring.dita,,,,
esx_troubleshooting.dita,,esx_troubleshooting.dita,,,,
eula_30.dita,eula_30.dita,,,,,
examine_details_planned_ring_changes_prior_deploy.dita,examine_details_planned_ring_changes_prior_deploy.dita,,,,,
example_config_changes.dita,,example_config_changes.dita,,,,
example_configurations.dita,,example_configurations.dita,,,,
existing_v2_input_model.dita,,existing_v2_input_model.dita,,,,
explain_txt.dita,,explain_txt.dita,,,,
F5BIG_IP_install.dita,,F5BIG_IP_install.dita,,,,
F5BIG_IP_preinst.dita,,F5BIG_IP_preinst.dita,,,,
F5BIG_IP_verify.dita,,F5BIG_IP_verify.dita,,,,
F5BIG_IP.dita,,F5BIG_IP.dita,,,,
faqs.dita,faqs.dita,,,,,
fcoeinterfaces.dita,,fcoeinterfaces.dita,,,,
filesystem_label.dita,filesystem_label.dita,,,,,
filesystem_usage_nowipe.dita,filesystem_usage_nowipe.dita,,,,,
firewall_info_yml.dita,,firewall_info_yml.dita,,,,
firewallconfiguration.dita,,firewallconfiguration.dita,,,,
firewallrules.dita,,firewallrules.dita,,,,
fixedissues50.dita,fixedissues50.dita,,,,,
forcing_overcommit.dita,forcing_overcommit.dita,,,,,
freezer_agent.dita,freezer_features.dita,,,,,
freezer_faq.dita,,freezer_faq.dita,,,,
freezer_features.dita,,freezer_features.dita,,,,
freezer_scheduler.dita,,freezer_scheduler.dita,,,,
freezer_ui.dita,,freezer_ui.dita,,,,
FrequentlyAskedQuestionsEXTRAcontent.dita,FrequentlyAskedQuestionsEXTRAcontent.dita,,,,,
full_recovery.dita,full_recovery.dita,,,,,
fwaas.dita,,fwaas.dita,,,,
general_procedures.dita,general_procedures.dita,,,,,
general_troubleshooting.dita,general_troubleshooting.dita,,,,,
general_upgrade.dita,general_upgrade.dita,,,,,
glance_features.dita,glance_features.dita,,,,,
glance_meters.dita,,glance_meters.dita,,,,
gui_installer.dita,,gui_installer.dita,,,,
haproxy_metrics.dita,haproxy_metrics.dita,,,,,
hdp_summary.dita,hdp_summary.dita,,,,,
header_poisoning.dita,header_poisoning.dita,,,,,
heat_features.dita,heat_features.dita,,,,,
help_opsconsole.dita,help_opsconsole.dita,,,,,
high_availability.dita,high_availability.dita,,,,,
horizon_domainadmin.dita,,horizon_domainadmin.dita,,,,
horizon_features.dita,horizon_features.dita,,,,,
horizon_ssl_auth.dita,horizon_ssl_auth.dita,,,,,
html_representation.dita,,html_representation.dita,,,,
httpcheck_metrics.dita,httpcheck_metrics.dita,,,,,
huge_pages.dita,,huge_pages.dita,,,,
hugepages.dita,,hugepages.dita,,,,
hw_support_diskcalc.dita,hw_support_diskcalc.dita,,,,,
hw_support_esxguestos.dita,hw_support_esxguestos.dita,,,,,
hw_support_hardware.dita,hw_support_hardware.dita,,,,,
hw_support_hardwareconfig.dita,hw_support_hardwareconfig.dita,,,,,
hw_support_ironicguestos.dita,hw_support_ironicguestos.dita,,,,,
hw_support_kvmguestos.dita,hw_support_kvmguestos.dita,,,,,
hw_support_matrix.dita,hw_support_matrix.dita,,,,,
hw_support_openstackvers.dita,hw_support_openstackvers.dita,,,,,
hw_support_perfnotes.dita,hw_support_perfnotes.dita,,,,,
hw_support_scaling.dita,hw_support_scaling.dita,,,,,
hw_support_software.dita,hw_support_software.dita,,,,,
identify_ring_builder.dita,identify_ring_builder.dita,,,,,
identity_admin.dita,,identity_admin.dita,,,,
identity_alarmdefinitions.dita,identity_alarmdefinitions.dita,,,,,
identity_benchmark.dita,identity_benchmark.dita,,,,,
identity_ldap.dita,identity_ldap.dita,,,,,
identity_limitations.dita,identity_limitations.dita,,,,,
identity_overview.dita,identity_overview.dita,,,,,
identity_reconfigure.dita,identity_reconfigure.dita,,,,,
increase_timeout.dita,increase_timeout.dita,,,,,
index.dita,index.dita,,,,,
input_model_change_existing_rings.dita,input_model_change_existing_rings.dita,,,,,
input_model_changes40.dita,,input_model_changes40.dita,,,,
input_model_introduction.dita,,input_model_introduction.dita,,,,
input_model.dita,,input_model.dita,,,,
install_designate_Akamai.dita,,install_designate_Akamai.dita,,,,
install_designate_BIND.dita,,install_designate_BIND.dita,,,,
install_designate_DynECT.dita,,install_designate_DynECT.dita,,,,
install_designate_InfoBlox.dita,,install_designate_InfoBlox.dita,,,,
install_designate_PowerDNS.dita,,install_designate_PowerDNS.dita,,,,
install_entryscale_esx_kvm_vsa_template_json.dita,,install_entryscale_esx_kvm_vsa_template_json.dita,,,,
install_entryscale_ironic.dita,,install_entryscale_ironic.dita,,,,
install_entryscale_kvm_overview.dita,,install_entryscale_kvm_overview.dita,,,,
install_esx_overview.dita,,install_esx_overview.dita,,,,
install_ironic_overview.dita,,install_ironic_overview.dita,,,,
install_l2_gateway.dita,,install_l2_gateway.dita,,,,
install_openstack_clients.dita,,install_openstack_clients.dita,,,,
install_rhel_ceph.dita,,install_rhel_ceph.dita,,,,
install_rhel_compute.dita,,install_rhel_compute.dita,,,,
install_rhel_uefi.dita,,install_rhel_uefi.dita,,,,
install_rhel.dita,,install_rhel.dita,,,,
install_sles_ceph.dita,,install_sles_ceph.dita,,,,
install_sles_compute.dita,,install_sles_compute.dita,,,,
install_sles_uefi.dita,,install_sles_uefi.dita,,,,
install_sles.dita,,install_sles.dita,,,,
install_swift_overview.dita,,install_swift_overview.dita,,,,
install_vcp.dita,,install_vcp.dita,,,,
installation_overview.dita,,installation_overview.dita,,,,
installation_troubleshooting.dita,,installation_troubleshooting.dita,,,,
installation_verification.dita,,installation_verification.dita,,,,
installing_cli.dita,installing_cli.dita,,,,,
installing_esx_kvm_vsa_with_noop.dita,,installing_esx_kvm_vsa_with_noop.dita,,,,
installing_esx_kvm_vsa.dita,,installing_esx_kvm_vsa.dita,,,,
installing_kvm.dita,,installing_kvm.dita,,,,
installing_swift_object_storage.dita,,installing_swift_object_storage.dita,,,,
integrating_hpeopsbridge.dita,integrating_hpeopsbridge.dita,,,,,
integrating_logstash_splunk.dita,integrating_logstash_splunk.dita,,,,,
integrating_nagios.dita,integrating_nagios.dita,,,,,
integrating_splunk.dita,integrating_splunk.dita,,,,,
integration_of_plugins_with_monasca-agent.dita,integration_of_plugins_with_monasca-agent.dita,,,,,
integrations.dita,,integrations.dita,,,,
interfacemodel.dita,,interfacemodel.dita,,,,
interfacemodels.dita,,interfacemodels.dita,,,,
interpreting_swift_validate_input_model.dita,interpreting_swift_validate_input_model.dita,,,,,
introduction.dita,introduction.dita,,,,,
invent_storage.dita,invent_storage.dita,,,,,
ironic_audit_support.dita,,ironic_audit_support.dita,,,,
ironic_configuration.dita,,ironic_configuration.dita,,,,
ironic_examples.dita,,ironic_examples.dita,,,,
ironic_features.dita,ironic_features.dita,,,,,
ironic_multi_control_plane.dita,,ironic_multi_control_plane.dita,,,,
ironic_oneview_integration.dita,,ironic_oneview_integration.dita,,,,
ironic_oneview.dita,,ironic_oneview.dita,,,,
ironic_provisioning_multi_tenancy.dita,,ironic_provisioning_multi_tenancy.dita,,,,
ironic_provisioning.dita,,ironic_provisioning.dita,,,,
ironic_raid_config.dita,,ironic_raid_config.dita,,,,
ironic_tls.dita,,ironic_tls.dita,,,,
ironic_troubleshooting.dita,,ironic_troubleshooting.dita,,,,
isolated_metadata.dita,,isolated_metadata.dita,,,,
kafka_metrics.dita,kafka_metrics.dita,,,,,
keystone_features.dita,keystone_features.dita,,,,,keystone_features-OPERATIONS.dita
keystone_federation.dita,keystone_federation.dita,,,,,
keystone_ldap_integration.dita,keystone_ldap_integration.dita,,,,,
keystone_token_validation.dita,keystone_token_validation.dita,,,,,
knownissues50.dita,knownissues50.dita,,,,,
kvm_examples.dita,,kvm_examples.dita,,,,
l2.txt,,l2.txt,,,,
l2gw5930.dita,,l2gw5930.dita,,,,
label_on_partition.dita,label_on_partition.dita,,,,,
lb_defs_networkgroups.dita,,lb_defs_networkgroups.dita,,,,
lbaas_admin.dita,,lbaas_admin.dita,,,,
lbaas_dashboard.dita,lbaas_dashboard.dita,,,,,
lbaas_heat.dita,lbaas_heat.dita,,,,,
lbaas.dita,lbaas.dita,,,,,
libvirt_metrics.dita,libvirt_metrics.dita,,,,,
libvirt_tuningknobs.dita,libvirt_tuningknobs.dita,,,,,
licensing_50.dita,licensing_50.dita,,,,,
lifecyclemanager_recovery.dita,lifecyclemanager_recovery.dita,,,,,
live_migration.dita,live_migration.dita,,,,,
lm_scan_metering.dita,lm_scan_metering.dita,,,,,
load_balancer_definitions.dita,,load_balancer_definitions.dita,,,,
load_balancers.dita,,load_balancers.dita,,,,
loadbalancers.dita,,loadbalancers.dita,,,,
localizing_inputmodel.dita,,localizing_inputmodel.dita,,,,
logging_features.dita,logging_features.dita,,,,,
logging.dita,logging.dita,,,,,
magnum_architecture.dita,,magnum_architecture.dita,,,,
magnum_features.dita,magnum_features.dita,,,,,
magnum_install.dita,,magnum_install.dita,,,,
magnum_integrate_dns.dita,,magnum_integrate_dns.dita,,,,
magnum_overview.dita,,magnum_overview.dita,,,,
manage_compute_instances.dita,manage_compute_instances.dita,,,,,
manage_logs.dita,manage_logs.dita,,,,,
managing_blockstorage_ceph.dita,managing_blockstorage_ceph.dita,,,,,
managing_blockstorage_cinder.dita,managing_blockstorage_cinder.dita,,,,,
managing_blockstorage.dita,managing_blockstorage.dita,,,,,
managing_ceph_clusters_after_deployment.dita,,managing_ceph_clusters_after_deployment.dita,,,,
managing_cinder_volumebackup_services.dita,managing_cinder_volumebackup_services.dita,,,,,
managing_compute.dita,managing_compute.dita,,,,,
managing_dashboards.dita,managing_dashboards.dita,,,,,
managing_esx.dita,managing_esx.dita,,,,,
managing_identity.dita,managing_identity.dita,,,,,
managing_networking.dita,managing_networking.dita,,,,,
managing_notificationmethods.dita,managing_notificationmethods.dita,,,,,
managing_objectstorage_swift.dita,managing_objectstorage_swift.dita,,,,,
managing_objectstorage.dita,managing_objectstorage.dita,,,,,
managing_orchestration.dita,managing_orchestration.dita,,,,,
managing_quotas.dita,managing_quotas.dita,,,,,
managing_services.dita,managing_services.dita,,,,,
managing_telemetry.dita,managing_telemetry.dita,,,,,
memory_sizing_vms.dita,,memory_sizing_vms.dita,,,,
memorymodel.dita,,memorymodel.dita,,,,
memorymodels.dita,,memorymodels.dita,,,,
metering_apis.dita,,metering_apis.dita,,,,
metering_bestpractice.dita,,metering_bestpractice.dita,,,,
metering_concepts.dita,,metering_concepts.dita,,,,
metering_failover_ha.dita,,metering_failover_ha.dita,,,,
metering_metertypes.dita,,metering_metertypes.dita,,,,
metering_newfunctions.dita,,metering_newfunctions.dita,,,,
metering_notifications.dita,,metering_notifications.dita,,,,
metering_overview.dita,,metering_overview.dita,,,,
metering_rbac.dita,,metering_rbac.dita,,,,
metering_reconfig.dita,,metering_reconfig.dita,,,,
metering_samples.dita,,metering_samples.dita,,,,
metric_monitoring.dita,metric_monitoring.dita,,,,,
metric_performance_considerations.dita,metric_performance_considerations.dita,,,,,
middleware_auditing.dita,middleware_auditing.dita,,,,,
midscale_kvm_vsa.dita,,midscale_kvm_vsa.dita,,,,
mitaka_features.dita,mitaka_features.dita,,,,,
modify_entryscale_kvm_vsa.dita,,modify_entryscale_kvm_vsa.dita,,,,
modify_swift_service_config_files.dita,modify_swift_service_config_files.dita,,,,,
monasca_agent.dita,monasca_agent.dita,,,,,
monasca_agg_metrics.dita,monasca_agg_metrics.dita,,,,,
monasca_features.dita,monasca_features.dita,,,,,
monasca_hipchat_plugin.dita,monasca_hipchat_plugin.dita,,,,,
monasca_integration_overview.dita,monasca_integration_overview.dita,,,,,
monasca_jira_plugin.dita,monasca_jira_plugin.dita,,,,,
monasca_metrics.dita,monasca_metrics.dita,,,,,
monasca_plugins_overview.dita,monasca_plugins_overview.dita,,,,,
monasca_slack_plugin.dita,monasca_slack_plugin.dita,,,,,
monitoring_overview.dita,monitoring_overview.dita,,,,,
monitoring_service.dita,monitoring_service.dita,,,,,
monitoring_third_party_components.dita,monitoring_third_party_components.dita,,,,,
monitoring_vcenter_clusters.dita,monitoring_vcenter_clusters.dita,,,,,
monitoring.dita,monitoring.dita,,,,,
moving_from_dvr_deployments.dita,,moving_from_dvr_deployments.dita,,,,
mtu.dita,,mtu.dita,,,,
multipath_boot_from_san.dita,,multipath_boot_from_san.dita,,,,
multiple_control_planes.dita,,multiple_control_planes.dita,,,,
my_dashboard_overview.dita,my_dashboard_overview.dita,,,,,
mysql_metrics.dita,mysql_metrics.dita,,,,,
namegeneration.dita,,namegeneration.dita,,,,
net_info_yml.dita,,net_info_yml.dita,,,,
network_esx_ovsvapp.dita,,network_esx_ovsvapp.dita,,,,
network_groups.yml,,network_groups.yml,,,,
network_interfaces_device.dita,,network_interfaces_device.dita,,,,
network_interfaces.dita,,network_interfaces.dita,,,,
network_topology_yml.dita,,network_topology_yml.dita,,,,
networkgroups.dita,,networkgroups.dita,,,,
networking_alarmdefinitions.dita,networking_alarmdefinitions.dita,,,,,
networking_nodes.dita,networking_nodes.dita,,,,,
networking_overview.dita,,networking_overview.dita,,,,
networking_summary.dita,networking_summary.dita,,,,,
networking.dita,,networking.dita,,,,
networkroutevalidation.dita,,networkroutevalidation.dita,,,,
networks.dita,,networks.dita,,,,
networks.yml,,networks.yml,,,,
networktags.dita,,networktags.dita,,,,
neutron_configuration_data.dita,neutron_configuration_data.dita,,,,,
neutron_external_networks.dita,,neutron_external_networks.dita,,,,
neutron_features.dita,neutron_features.dita,,,,,
neutron_meters.dita,,neutron_meters.dita,,,,
neutron_network_tags.dita,,neutron_network_tags.dita,,,,
neutron_provider_networks.dita,,neutron_provider_networks.dita,,,,
neutron_troubleshooting.dita,,neutron_troubleshooting.dita,,,,
newfeatures50.dita,newfeatures50.dita,,,,,
newton_features.dita,newton_features.dita,,,,,
nic_interfaces.yml,,nic_interfaces.yml,,,,
nicmapping.dita,,nicmapping.dita,,,,
nicmappings_vms.dita,,nicmappings_vms.dita,,,,
nicmappings.dita,,nicmappings.dita,,,,
node_cleaning.dita,,node_cleaning.dita,,,,
node_config.dita,,node_config.dita,,,,
noops_driver.dita,,noops_driver.dita,,,,
notification_methods.dita,notification_methods.dita,,,,,
nova_features.dita,nova_features.dita,,,,,
nova_meters.dita,,nova_meters.dita,,,,
ntp_metrics.dita,ntp_metrics.dita,,,,,
objectstorage_index.dita,objectstorage_index.dita,,,,,
objectstorage_nodes.dita,objectstorage_nodes.dita,,,,,
objectstorage_overview.dita,objectstorage_overview.dita,,,,,
octavia_admin.dita,,octavia_admin.dita,,,,
onetwo_controller_recovery.dita,onetwo_controller_recovery.dita,,,,,
operations_index.dita,operations_index.dita,,,,,
operations_overview.dita,operations_overview.dita,,,,,
operations.ditamap,operations.ditamap,,,,,
ops_dashboard_overview.dita,ops_dashboard_overview.dita,,,,,
opsconsole_dashboard.dita,opsconsole_dashboard.dita,,,,,
OpsConsole_manage_swift.dita,OpsConsole_manage_swift.dita,,,,,
opsconsole_overview.dita,opsconsole_overview.dita,,,,,
opsconsole.ditamap,opsconsole.ditamap,,,,,
other_alarmdefinitions.dita,other_alarmdefinitions.dita,,,,,
othertopics.dita,,othertopics.dita,,,,
overview.dita,overview.dita,,,,,
ovs_metrics.dita,ovs_metrics.dita,,,,,
ovs_tuningknobs.dita,ovs_tuningknobs.dita,,,,,
passthrough.dita,,passthrough.dita,,,,
password_change_yml.dita,,password_change_yml.dita,,,,
pcipt_sriov_config.dita,,pcipt_sriov_config.dita,,,,
pdf30.dita,pdf30.dita,,,,,
percona_partitioning_check.dita,percona_partitioning_check.dita,,,,,
perf_storage.dita,perf_storage.dita,,,,,
persisteddata.dita,,persisteddata.dita,,,,
pit_database_recovery.dita,pit_database_recovery.dita,,,,,
pit_lifecyclemanager_recovery.dita,pit_lifecyclemanager_recovery.dita,,,,,
pit_swiftrings_recovery.dita,pit_swiftrings_recovery.dita,,,,,
pit_vertica_recovery.dita,pit_vertica_recovery.dita,,,,,
planned_computenode.dita,planned_computenode.dita,,,,,
planned_maintenance.dita,planned_maintenance.dita,,,,,
planning_index.dita,planning_index.dita,,,,,
planning_preinstall.dita,planning_preinstall.dita,,,,,
planning.ditamap,planning.ditamap,,,,,
post_install_overview.dita,,post_install_overview.dita,,,,
postinstall_tasks.dita,,postinstall_tasks.dita,,,,
preinstall_checklist.dita,,preinstall_checklist.dita,,,,
preinstall_config.dita,,preinstall_config.dita,,,,
preinstall_overview.dita,,preinstall_overview.dita,,,,
prepare_deploy_cloud_controllers.dita,,prepare_deploy_cloud_controllers.dita,,,,
prepare_deploy_esx_cloud_ovsvapp.dita,,prepare_deploy_esx_cloud_ovsvapp.dita,,,,
prerequisite.dita,,prerequisite.dita,,,,
private_data_metadata_yml.dita,,private_data_metadata_yml.dita,,,,
procedure_to_deploy_esx_cloud.dita,,procedure_to_deploy_esx_cloud.dita,,,,
process_metrics.dita,process_metrics.dita,,,,,
provisioning_rhel.dita,,provisioning_rhel.dita,,,,
provisioning_sles.dita,,provisioning_sles.dita,,,,
qemu_save_folder_move.dita,qemu_save_folder_move.dita,,,,,
quickstart_guide.dita,quickstart_guide.dita,,,,,
rabbitmq_metrics.dita,rabbitmq_metrics.dita,,,,,
rbac.dita,,,,,,
rebalanced_explained.dita,rebalanced_explained.dita,,,,reboot_computenode-COMPUTE.dita,
reboot_cloud_down.dita,reboot_cloud_down.dita,,,,,
reboot_cloud_rolling.dita,reboot_cloud_rolling.dita,,,,,
reboot_computenode.dita,reboot_computenode.dita,,,,,
reboot_rados_node.dita,reboot_rados_node.dita,,,,,
rec_min_entryscale_esx_kvm_vsa_mml.dita,rec_min_entryscale_esx_kvm_vsa_mml.dita,,,,,
rec_min_entryscale_esx_kvm_vsa.dita,rec_min_entryscale_esx_kvm_vsa.dita,,,,,
rec_min_entryscale_kvm_ceph.dita,rec_min_entryscale_kvm_ceph.dita,,,,,
rec_min_entryscale_kvm_vsa.dita,rec_min_entryscale_kvm_vsa.dita,,,,,
rec_min_entryscale_kvm.dita,rec_min_entryscale_kvm.dita,,,,,
rec_min_ironic.dita,rec_min_ironic.dita,,,,,
rec_min_swift.dita,rec_min_swift.dita,,,,,
recommended_hardware_minimums.dita,recommended_hardware_minimums.dita,,,recommended_hardware_minimums-PLANNING.dita,,
reconfigure_ceph_services.dita,reconfigure_ceph_services.dita,,,,,
reconfigure_vsa_verb_add_extra_disk.dita,reconfigure_vsa_verb_add_extra_disk.dita,,,,,
reconfigure_vsa_verb_add_remove_extra_disk.dita,reconfigure_vsa_verb_add_remove_extra_disk.dita,,,,,
recover_compute_node.dita,recover_compute_node.dita,,,,,
recover_rabbit.dita,recover_rabbit.dita,,,,,
recover_swift_node.dita,recover_swift_node.dita,,,,,
recover_vertica_network.dita,recover_vertica_network.dita,,,,,
recover_vertica.dita,recover_vertica.dita,,,,,
recovering_builder_file.dita,recovering_builder_file.dita,,,,,
recovering_controller_nodes.dita,recovering_controller_nodes.dita,,,,,
region_topology_yml.dita,,region_topology_yml.dita,,,,
regions.dita,,regions.dita,,,,
register_suse_already_installed.dita,register_suse_already_installed.dita,,,,,
register_suse_automated.dita,register_suse_automated.dita,,,,,
register_suse_install.dita,register_suse_install.dita,,,,,
register_suse_overview.dita,register_suse_overview.dita,,,,,
releasenotes50.dita,releasenotes50.dita,,,,,
releasenotes501.dita,releasenotes501.dita,,,,,
releasenotes502.dita,releasenotes502.dita,,,,,
remove_ceph_rados_node.dita,remove_ceph_rados_node.dita,,,,,
remove_compute_node.dita,remove_compute_node.dita,,,,,
remove_existing_cluster_compute_resource_pool.dita,,remove_existing_cluster_compute_resource_pool.dita,,,,
remove_monitor_node.dita,remove_monitor_node.dita,,,,,
remove_osd_datadisk.dita,remove_osd_datadisk.dita,,,,,
remove_osd_node.dita,remove_osd_node.dita,,,,,
remove_vsa_node.dita,remove_vsa_node.dita,,,,,
removing_esx_host_from_cluster.dita,,removing_esx_host_from_cluster.dita,,,,
removing_swift_node.dita,removing_swift_node.dita,,,,,
repair_vsa_maintenance.dita,repair_vsa_maintenance.dita,,,,,
replace_ceph_monitor_node.dita,replace_ceph_monitor_node.dita,,,,,
replace_ceph_osd_node.dita,replace_ceph_osd_node.dita,,,,,
replace_ceph_rgw_node.dita,replace_ceph_rgw_node.dita,,,,,
replace_controller.dita,replace_controller.dita,,,,,
replace_dedicated_lm.dita,replace_dedicated_lm.dita,,,,,
replace_osd_datadisk_from_dl_sl_servers.dita,replace_osd_datadisk_from_dl_sl_servers.dita,,,,,
replace_osd_datadisk.dita,replace_osd_datadisk.dita,,,,,
replace_osd_journaldisk.dita,replace_osd_journaldisk.dita,,,,,
replace_osd_osdisk.dita,replace_osd_osdisk.dita,,,,,
replace_shared_lm.dita,replace_shared_lm.dita,,,,,
replace_vsa_node.dita,replace_vsa_node.dita,,,,,
replacing_controller_notes.dita,replacing_controller_notes.dita,,,,,
replacing_drives_swift_node.dita,replacing_drives_swift_node.dita,,,,,
replacing_swift_node.dita,replacing_swift_node.dita,,,,,
resources.dita,,resources.dita,,,,
restart_ceph_rados.dita,restart_ceph_rados.dita,,,,,
restart_ceph.dita,restart_ceph.dita,,,,,
restart_controller.dita,restart_controller.dita,,,,,
restart_deploy_from_scratch.dita,restart_deploy_from_scratch.dita,,,,,
restarting_nodes.dita,restarting_nodes.dita,,,,,
restore_previous_backup.dita,,restore_previous_backup.dita,,,,
restore_shared_controller.chagedExthide.dita,,restore_shared_controller.chagedExthide.dita,,,,
retrieve_adminpassword.dita,retrieve_adminpassword.dita,,,,,
rhel_compute_model.dita,,rhel_compute_model.dita,,,,
rhel_overview.dita,,rhel_overview.dita,,,,
rhel_preinstall.dita,,rhel_preinstall.dita,,,,
rhel_support.dita,,rhel_support.dita,,,,
rhel_toc.dita,,rhel_toc.dita,,,,
ring_management.dita,ring_management.dita,,,,,
ring_specifications.dita,ring_specifications.dita,,,,,
rn_content-jira_1688.dita,rn_content-jira_1688.dita,,,,,
route_info_yml.dita,,route_info_yml.dita,,,,
rule.dita,,rule.dita,,,,
safe_rebalance_deploy_ring.dita,safe_rebalance_deploy_ring.dita,,,,,
scale_config_changes.dita,,scale_config_changes.dita,,,,
security_features.dita,security_features.dita,,,,,
security_overview.dita,security_overview.dita,,,,,
server_info_yml.dita,,server_info_yml.dita,,,,
serverallocation.dita,,serverallocation.dita,,,,
servergroups_failurezones.dita,,servergroups_failurezones.dita,,,,
servergroups_networks.dita,,servergroups_networks.dita,,,,
servergroups.dita,,servergroups.dita,,,,
servernetworkselection.dita,,servernetworkselection.dita,,,,
serverroles.dita,,serverroles.dita,,,,
servers.dita,,servers.dita,,,,
service_info_yml.dita,,service_info_yml.dita,,,,
service_topology_yml.dita,,service_topology_yml.dita,,,,
services_components.dita,,services_components.dita,,,,
services.dita,,services.dita,,,,
shared_lifecyclemanager_recovery.dita,shared_lifecyclemanager_recovery.dita,,,,,
shared_node_recovery.dita,,,,,,
sles_compute_model.dita,,shared_node_recovery.dita,,,,
sles_overview.dita,,sles_compute_model.dita,,,,
sles_preinstall.dita,,sles_overview.dita,,,,
sles_support.dita,,sles_preinstall.dita,,,,
sles_toc.dita,,sles_support.dita,,,,
SolidFire_install30.dita,,sles_toc.dita,,,,
SolidFire_overview30.dita,,SolidFire_install30.dita,,,,
SolidFire_preinstall30.dita,,SolidFire_overview30.dita,,,,
SolidFire_verify30.dita,,SolidFire_preinstall30.dita,,,,
standalone_deployer.dita,,SolidFire_verify30.dita,,,,
standalonedeployer.dita,,standalone_deployer.dita,,,,
start_stop_freezer_services.dita,,standalonedeployer.dita,,,,
start_stop_services.dita,start_stop_services.dita,start_stop_freezer_services.dita,,,,
storage_alarmdefinitions.dita,storage_alarmdefinitions.dita,,,,,
storage_maintenance.dita,storage_maintenance.dita,,,,,
storage_policies.dita,storage_policies.dita,,,,,
storage_summary.dita,storage_summary.dita,,,,,
storage_unplanned.dita,storage_unplanned.dita,,,,,
supported_services.dita,,supported_services.dita,,,,
swift_cli.dita,swift_cli.dita,,,,,
swift_container_sync.dita,swift_container_sync.dita,,,,,
swift_device_groups.dita,swift_device_groups.dita,,,,,
swift_dispersion_report.dita,swift_dispersion_report.dita,,,,,
swift_examples.dita,,swift_examples.dita,,,,
swift_features.dita,swift_features.dita,,,,,
swift_input_model.dita,swift_input_model.dita,,,,,
swift_meters.dita,,swift_meters.dita,,,,
swift_metrics.dita,swift_metrics.dita,,,,,
swift_min_part_hours.dita,swift_min_part_hours.dita,,,,,
swift_node_maintenance.dita,swift_node_maintenance.dita,,,,,
swift_nodes.dita,swift_nodes.dita,,,,,
swift_ring_mgmt.dita,swift_ring_mgmt.dita,,,,,
swift_storage_unplanned.dita,swift_storage_unplanned.dita,,,,,
swift_weight_attribute.dita,swift_weight_attribute.dita,,,,,
swift_zones.dita,swift_zones.dita,,,,,
swiftrings_recovery.dita,swiftrings_recovery.dita,,,,,
system_alarmdefinitions.dita,system_alarmdefinitions.dita,,,,,
system_details.dita,,system_details.dita,,,,
system_maintenance.dita,system_maintenance.dita,,,,,
system_metrics.dita,system_metrics.dita,,,,,
tech_overview_ataglance.dita,,tech_overview_ataglance.dita,,,,
tech_overview_hlm.dita,,tech_overview_hlm.dita,,,,
tech_overview_linux.dita,,tech_overview_linux.dita,,,,
tech_overview_newimproved.dita,,tech_overview_newimproved.dita,,,,
tech_overview_openstack.dita,,tech_overview_openstack.dita,,,,
tech_overview_valueadd.dita,,tech_overview_valueadd.dita,,,,
telemetry_alarmdefinitions.dita,telemetry_alarmdefinitions.dita,,,,,
test.dita,test.dita,,,,,
third_party_service_integration.dita,,third_party_service_integration.dita,,,,
thirdparty_driver_support.dita,thirdparty_driver_support.dita,,,,,
thirdparty_integrations.dita,thirdparty_integrations.dita,,,,,
thirdparty_overview.dita,thirdparty_overview.dita,,,,,
three_controller_recovery.dita,three_controller_recovery.dita,,,,,
tls_config.dita,tls_config.dita,,,,,
tls_configCONTENT_DO_NOT_DELETE.dita,tls_configCONTENT_DO_NOT_DELETE.dita,,,,,
tls_mysql.dita,tls_mysql.dita,,,,,
tls_overview.dita,tls_overview.dita,,,,,
tls_rabbit_mq.dita,tls_rabbit_mq.dita,,,,,
troubleshooting_issues.dita,troubleshooting_issues.dita,,,,,
troubleshooting_sosreport.dita,troubleshooting_sosreport.dita,,,,,
troubleshooting_tls.dita,troubleshooting_tls.dita,,,,,
ts_blockstorage.dita,ts_blockstorage.dita,,,,,
ts_bura.dita,ts_bura.dita,,,,,
ts_ceph.dita,ts_ceph.dita,,,,,
ts_compute.dita,ts_compute.dita,,,,,
ts_controlplane.dita,ts_controlplane.dita,,,,,
ts_dpdk.dita,,ts_dpdk.dita,,,,
ts_heat.dita,ts_heat.dita,,,,,
ts_image.dita,ts_image.dita,,,,,
ts_keymgmt.dita,ts_keymgmt.dita,,,,,
ts_magnum.dita,ts_magnum.dita,,,,,
ts_metering.dita,ts_metering.dita,,,,,
ts_orchestration.dita,ts_orchestration.dita,,,,,
ts_rados.dita,ts_rados.dita,,,,,
ts_storage.dita,ts_storage.dita,,,,,
ts_swift.dita,ts_swift.dita,,,,,
ts_telemetry.dita,ts_telemetry.dita,,,,,
ts_tools.dita,ts_tools.dita,,,,,
ts_vsa.dita,ts_vsa.dita,,,,,
tutorials.dita,tutorials.dita,,,,,
twosystems.dita,,twosystems.dita,,,,
ui_verification.dita,,ui_verification.dita,,,,
understanding_identity.dita,understanding_identity.dita,,,,,
unplanned_maintenance.dita,unplanned_maintenance.dita,,,,,
unsupported_features.dita,unsupported_features.dita,,,,,
update_disk_models.dita,update_disk_models.dita,,,,,
update_vertica_license.dita,update_vertica_license.dita,,,,,
upgrade_401.dita,upgrade_401.dita,,,,,
upgrade_ceph_model.dita,upgrade_ceph_model.dita,,,,,
upgrade_ceph-rados.dita,upgrade_ceph-rados.dita,,,,,
upgrade_delete_alarms.dita,upgrade_delete_alarms.dita,,,,,
upgrade_deltas.dita,upgrade_deltas.dita,,,,,
upgrade_deprecated.dita,upgrade_deprecated.dita,,,,,
upgrade_designate.dita,upgrade_designate.dita,,,,,
upgrade_fail_alarms.dita,upgrade_fail_alarms.dita,,,,,
upgrade_git_merge.dita,upgrade_git_merge.dita,,,,,
upgrade_install_clients.dita,upgrade_install_clients.dita,,,,,
upgrade_ironic.dita,,upgrade_ironic.dita,,,,
upgrade_nova_resize_migrate.dita,upgrade_nova_resize_migrate.dita,,,,,
upgrade_overview.dita,upgrade_overview.dita,,,,,
upgrade_perform_upgrade.dita,upgrade_perform_upgrade.dita,,,,,
upgrade_postupgrade_tasks.dita,upgrade_postupgrade_tasks.dita,,,,,
upgrade_preupgrade_tasks.dita,upgrade_preupgrade_tasks.dita,,,,,
upgrade_recover_rabbit.dita,upgrade_recover_rabbit.dita,,,,,
upgrade_tempest.dita,upgrade_tempest.dita,,,,,
upgrade_toc.dita,upgrade_toc.dita,,,,,
upgrade_vpnaas.dita,upgrade_vpnaas.dita,,,,,
upgrade.ditamap,upgrade.ditamap,,,,,
upgradeto50.dita,upgradeto50.dita,,,,,
upload_image.dita,upload_image.dita,,,,,
usage_ceph_storage_helion.dita,,usage_ceph_storage_helion.dita,,,,
user_cloudadmin.dita,user_cloudadmin.dita,,,,,
user_dashboard_overview.dita,user_dashboard_overview.dita,,,,,
user_nonadmin.dita,user_nonadmin.dita,,,,,
userguide_index.dita,userguide_index.dita,,,,,
userguide.ditamap,userguide.ditamap,,,,,
using_apparmor.dita,using_apparmor.dita,,,,,
using_container_as_a_service.dita,using_container_as_a_service.dita,,,,,
using_flavor_metadata.dita,using_flavor_metadata.dita,,,,,
using_git.dita,,using_git.dita,,,,
using_ipam.dita,,using_ipam.dita,,,,
using_opsconsole.dita,using_opsconsole.dita,,,,,
validating_swift_recon.dita,validating_swift_recon.dita,,,,,
vcenter_credential_update.dita,,vcenter_credential_update.dita,,,,
verify_block_storage.dita,,verify_block_storage.dita,,,,
vertica_metrics.dita,vertica_metrics.dita,,,,,
virtual_machines_as_servers.dita,,virtual_machines_as_servers.dita,,,,
vlan_transparency.dita,,vlan_transparency.dita,,,,
vlan-aware_vm.dita,,vlan-aware_vm.dita,,,,
volumegroups.dita,,volumegroups.dita,,,,
vpnaas.dita,,vpnaas.dita,,,,
vsa_nodes.dita,vsa_nodes.dita,,,,,
vsa_storage_unplanned.dita,vsa_storage_unplanned.dita,,,,,
VSC_setup_input_model_changes.dita,,VSC_setup_input_model_changes.dita,,,,
websso.dita,websso.dita,,,,,
whole_unplanned.dita,whole_unplanned.dita,,,,,
without_dvr.dita,,without_dvr.dita,,,,
without_l3agent.dita,,without_l3agent.dita,,,,
working_monitoring.dita,working_monitoring.dita,,,,,
writing_custom_plugins.dita,writing_custom_plugins.dita,,,,,
zookeeper_metrics.dita,zookeeper_metrics.dita,,,,,
