alternative_configurations.dita,alternative_configurations.dita
entryscale_kvm_ceph_twonetwork.dita,entryscale_kvm_ceph_twonetwork.dita
rhel_compute_model.dita,rhel_compute_model.dita
sles_compute_model.dita,sles_compute_model.dita
standalone_deployer.dita,standalone_deployer.dita
twosystems.dita,twosystems.dita
without_dvr.dita,without_dvr.dita
without_l3agent.dita,without_l3agent.dita
architecture_index.dita,changes_entryscale_kvm_vsa.dita
example_configurations.dita,entryscale_esx_kvm_vsa.dita
changes_entryscale_kvm_vsa.dita,entryscale_esx_kvm_vsa_mml.dita
entryscale_esx_kvm_vsa.dita,entryscale_ironic.dita
entryscale_esx_kvm_vsa_mml.dita,entryscale_ironic_multi_tenancy.dita
entryscale_ironic.dita,entryscale_kvm_ceph.dita
entryscale_ironic_multi_tenancy.dita,entryscale_kvm_ceph_onenetwork.dita
entryscale_kvm_ceph.dita,entryscale_kvm_dedicated.dita
entryscale_kvm_ceph_onenetwork.dita,entryscale_kvm_vsa.dita
entryscale_kvm_dedicated.dita,entryscale_swift.dita
entryscale_kvm_vsa.dita,esx_examples.dita
entryscale_swift.dita,example_config_changes.dita
esx_examples.dita,ironic_examples.dita
example_config_changes.dita,kvm_examples.dita
ironic_examples.dita,midscale_kvm_vsa.dita
kvm_examples.dita,swift_examples.dita
midscale_kvm_vsa.dita,cloud.dita
swift_examples.dita,concepts.dita
cloud.dita,configuration_data.dita
concepts.dita,controlplanes.dita
configuration_data.dita,controlplanes_regions.dita
controlplanes.dita,cpumodel.dita
controlplanes_regions.dita,diskmodel.dita
cpumodel.dita,endpoints.dita
diskmodel.dita,firewallconfiguration.dita
endpoints.dita,interfacemodel.dita
firewallconfiguration.dita,loadbalancers.dita
interfacemodel.dita,memorymodel.dita
loadbalancers.dita,networking.dita
memorymodel.dita,nicmapping.dita
networkgroups.dita,servergroups_failurezones.dita
networking.dita,servergroups_networks.dita
networks.dita,services.dita
networktags.dita,virtual_machines_as_servers.dita
nicmapping.dita,concepts_networkgroups.dita
servergroups_failurezones.dita,concepts_networks.dita
servergroups_networks.dita,concepts_networktags.dita
serverroles.dita,concepts_servergroups.dita
servers.dita,concepts_serverroles.dita
services.dita,concepts_servers.dita
virtual_machines_as_servers.dita,bonddata.dita
servergroups.dita,bonddataoptionslinux.dita
bonddata.dita,bonddataoptionsopenvswitch.dita
bonddataoptionslinux.dita,bonddataoptionswindows.dita
bonddataoptionsopenvswitch.dita,cloud.dita
bonddataoptionswindows.dita,clusters.dita
cloud.dita,configurationdata.dita
clusters.dita,configurationdata_ironic.dita
configurationdata.dita,configurationdata_neutron.dita
configurationdata_ironic.dita,configurationdata_octavia.dita
configurationdata_neutron.dita,configurationdata_swift.dita
configurationdata_octavia.dita,configurationobjects.dita
configurationdata_swift.dita,controlplane.dita
configurationobjects.dita,cpu_assignments.dita
controlplane.dita,cpu_components_roles.dita
cpu_assignments.dita,cpu_sizing_vms.dita
cpu_components_roles.dita,cpu_usage.dita
cpu_sizing_vms.dita,cpumodels.dita
cpu_usage.dita,devicegroups.dita
cpumodels.dita,disk_sizing_vms.dita
devicegroups.dita,diskmodels.dita
disk_sizing_vms.dita,dpdk_componentoptions.dita
diskmodels.dita,dpdkdevices.dita
dpdk_componentoptions.dita,dpdkdevices_devices.dita
dpdkdevices.dita,fcoeinterfaces.dita
dpdkdevices_devices.dita,firewallrules.dita
fcoeinterfaces.dita,huge_pages.dita
firewallrules.dita,interfacemodels.dita
huge_pages.dita,lb_defs_networkgroups.dita
interfacemodels.dita,load_balancer_definitions.dita
lb_defs_networkgroups.dita,load_balancers.dita
load_balancer_definitions.dita,memory_sizing_vms.dita
load_balancers.dita,memorymodels.dita
memory_sizing_vms.dita,mtu.dita
memorymodels.dita,multiple_control_planes.dita
mtu.dita,network_interfaces.dita
multiple_control_planes.dita,network_interfaces_device.dita
network_interfaces.dita,networkgroups.dita
network_interfaces_device.dita,networks.dita
networkgroups.dita,networktags.dita
networks.dita,neutron_network_tags.dita
networktags.dita,neutron_provider_networks.dita
neutron_external_networks.dita,nicmappings.dita
neutron_network_tags.dita,nicmappings_vms.dita
neutron_provider_networks.dita,passthrough.dita
nicmappings.dita,regions.dita
nicmappings_vms.dita,resources.dita
passthrough.dita,rule.dita
regions.dita,servergroups.dita
resources.dita,serverroles.dita
rule.dita,servers.dita
servergroups.dita,volumegroups.dita
serverroles.dita,neutron-external-networks.dita
servers.dita,address_info_yml.dita
volumegroups.dita,clouddiagram_txt.dita
address_info_yml.dita,control_plane_topology_yml.dita
clouddiagram_txt.dita,cpinfofiles.dita
control_plane_topology_yml.dita,explain_txt.dita
cpinfofiles.dita,firewall_info_yml.dita
explain_txt.dita,html_representation.dita
firewall_info_yml.dita,net_info_yml.dita
html_representation.dita,network_topology_yml.dita
net_info_yml.dita,password_change_yml.dita
network_topology_yml.dita,private_data_metadata_yml.dita
password_change_yml.dita,region_topology_yml.dita
private_data_metadata_yml.dita,route_info_yml.dita
region_topology_yml.dita,server_info_yml.dita
route_info_yml.dita,service_info_yml.dita
server_info_yml.dita,service_topology_yml.dita
service_info_yml.dita,configneutronprovidervlans.dita
service_topology_yml.dita,namegeneration.dita
input_model.dita,networkroutevalidation.dita
input_model_changes40.dita,othertopics.dita
input_model_introduction.dita,persisteddata.dita
configneutronprovidervlans.dita,serverallocation.dita
namegeneration.dita,servernetworkselection.dita
networkroutevalidation.dita,services_components.dita
othertopics.dita,standalonedeployer.dita
persisteddata.dita,input_model.dita
serverallocation.dita,input_model_changes40.dita
servernetworkselection.dita,input_model_introduction.dita
services_components.dita,customizing_inputmodel.dita
standalonedeployer.dita,localizing_inputmodel.dita
customizing_inputmodel.dita,modify_entryscale_kvm_vsa.dita
localizing_inputmodel.dita,third_party_service_integration.dita
modify_entryscale_kvm_vsa.dita,architecture_index.dita
third_party_service_integration.dita,example_configurations.dita
barbican_features.dita,backup_limitations.dita
backup_limitations.dita,bura_overview.dita
bura_overview.dita,change_default_backup_jobs.dita
change_default_backup_jobs.dita,cloud_control_plane_backup.dita
cloud_control_plane_backup.dita,disable_bura_before_deployment.dita
disable_bura_before_deployment.dita,freezer_agent.dita
freezer_agent.dita,freezer_faq.dita
freezer_faq.dita,freezer_scheduler.dita
freezer_scheduler.dita,freezer_ui.dita
freezer_ui.dita,replace_ceph_osd_node.dita
replace_ceph_osd_node.dita,restore_previous_backup.dita
restore_previous_backup.dita,restore_shared_controller.chagedExthide.dita
restore_shared_controller.chagedExthide.dita,shared_node_recovery.dita
shared_node_recovery.dita,start_stop_freezer_services.dita
start_stop_freezer_services.dita,supported_services.dita
supported_services.dita,boeing.dita
ceilometer_features.dita,enable_new_cluster_compute_resource.dita
ceph_twonetworks_config.dita,eon_logging.dita
cinder_backend_config.dita,eon_service.dita
cinder_features.dita,esx_host_commissioning.dita
documentation_updates.dita,esx_mitaka.dita
enhancements_to_openstack.dita,esx_monitoring.dita
boeing.dita,network_esx_ovsvapp.dita
enable_new_cluster_compute_resource.dita,remove_existing_cluster_compute_resource_pool.dita
eon_logging.dita,removing_esx_host_from_cluster.dita
eon_service.dita,scale_config_changes.dita
esx_host_commissioning.dita,vcenter_credential_update.dita
esx_mitaka.dita,identity_admin.dita
esx_monitoring.dita,horizon_domainadmin.dita
network_esx_ovsvapp.dita,SolidFire_install30.dita
remove_existing_cluster_compute_resource_pool.dita,SolidFire_overview30.dita
removing_esx_host_from_cluster.dita,SolidFire_preinstall30.dita
scale_config_changes.dita,SolidFire_verify30.dita
vcenter_credential_update.dita,alternative_supported_choice.dita
eula_30.dita,ceph_deployment.dita
faqs.dita,ceph_overview.dita
fixedissues50.dita,change_keystone_credential.dita
freezer_features.dita,managing_ceph_clusters_after_deployment.dita
glance_features.dita,usage_ceph_storage_helion.dita
heat_features.dita,designate_cfg_dns_ns.dita
horizon_domainadmin.dita,designate_install_overview.dita
identity_admin.dita,install_designate_Akamai.dita
horizon_features.dita,install_designate_BIND.dita
index.dita,install_designate_DynECT.dita
F5BIG_IP.dita,install_designate_InfoBlox.dita
F5BIG_IP_install.dita,install_designate_PowerDNS.dita
F5BIG_IP_preinst.dita,deploy_esx_cloud.dita
F5BIG_IP_verify.dita,esx_troubleshooting.dita
SolidFire_install30.dita,installing_esx_kvm_vsa.dita
SolidFire_overview30.dita,noops_driver.dita
SolidFire_preinstall30.dita,prepare_deploy_cloud_controllers.dita
SolidFire_verify30.dita,prepare_deploy_esx_cloud_ovsvapp.dita
api_verification.dita,prerequisite.dita
blockstorageconfig_troubleshooting.dita,procedure_to_deploy_esx_cloud.dita
brocade_zone_manager.dita,cert_iso.dita
alternative_supported_choice.dita,cert_ramdisk.dita
ceph_deployment.dita,config_drives.dita
ceph_overview.dita,install_entryscale_ironic.dita
change_keystone_credential.dita,install_ironic_overview.dita
managing_ceph_clusters_after_deployment.dita,ironic_audit_support.dita
usage_ceph_storage_helion.dita,ironic_configuration.dita
cloud_verification.dita,ironic_multi_control_plane.dita
cloudinstallation_overview.dita,ironic_oneview.dita
config_availability_zones.dita,ironic_provisioning.dita
configure_3par.dita,ironic_provisioning_multi_tenancy.dita
configure_ceph_rgw.dita,ironic_raid_config.dita
configure_lbaas.dita,ironic_tls.dita
configure_vsa.dita,ironic_troubleshooting.dita
configure_vsa_ao.dita,node_cleaning.dita
dcn_integration.dita,node_config.dita
deploy_vsa_virtual_control_plane.dita,system_details.dita
designate_cfg_dns_ns.dita,upgrade_ironic.dita
designate_install_overview.dita,magnum_architecture.dita
install_designate_Akamai.dita,magnum_install.dita
install_designate_BIND.dita,magnum_integrate_dns.dita
install_designate_DynECT.dita,magnum_overview.dita
install_designate_InfoBlox.dita,install_rhel.dita
install_designate_PowerDNS.dita,install_rhel_ceph.dita
deploy_esx_cloud.dita,install_rhel_compute.dita
esx_troubleshooting.dita,install_rhel_uefi.dita
installing_esx_kvm_vsa.dita,provisioning_rhel.dita
noops_driver.dita,rhel_overview.dita
prepare_deploy_cloud_controllers.dita,rhel_preinstall.dita
prepare_deploy_esx_cloud_ovsvapp.dita,rhel_support.dita
prerequisite.dita,rhel_toc.dita
procedure_to_deploy_esx_cloud.dita,install_sles.dita
existing_v2_input_model.dita,install_sles_ceph.dita
gui_installer.dita,install_sles_compute.dita
install_entryscale_esx_kvm_vsa_template_json.dita,install_sles_uefi.dita
install_entryscale_kvm_overview.dita,provisioning_sles.dita
install_esx_overview.dita,sles_overview.dita
install_l2_gateway.dita,sles_preinstall.dita
install_openstack_clients.dita,sles_support.dita
install_swift_overview.dita,sles_toc.dita
install_vcp.dita,F5BIG_IP.dita
installation.ditamap,F5BIG_IP_install.dita
installation_overview.dita,F5BIG_IP_preinst.dita
installation_troubleshooting.dita,F5BIG_IP_verify.dita
installation_verification.dita,api_verification.dita
installing_esx_kvm_vsa.dita,blockstorageconfig_troubleshooting.dita
installing_esx_kvm_vsa_with_noop.dita,brocade_zone_manager.dita
installing_kvm.dita,cloud_verification.dita
installing_swift_object_storage.dita,cloudinstallation_overview.dita
integrations.dita,config_availability_zones.dita
cert_iso.dita,configure_3par.dita
cert_ramdisk.dita,configure_ceph_rgw.dita
config_drives.dita,configure_lbaas.dita
install_entryscale_ironic.dita,configure_vsa.dita
install_ironic_overview.dita,configure_vsa_ao.dita
ironic_audit_support.dita,dcn_integration.dita
ironic_configuration.dita,deploy_vsa_virtual_control_plane.dita
ironic_features.dita,existing_v2_input_model.dita
ironic_multi_control_plane.dita,gui_installer.dita
ironic_oneview.dita,install_entryscale_esx_kvm_vsa_template_json.dita
ironic_provisioning.dita,install_entryscale_kvm_overview.dita
ironic_provisioning_multi_tenancy.dita,install_esx_overview.dita
ironic_raid_config.dita,install_l2_gateway.dita
ironic_tls.dita,install_openstack_clients.dita
ironic_troubleshooting.dita,install_swift_overview.dita
node_cleaning.dita,install_vcp.dita
node_config.dita,installation.ditamap
system_details.dita,installation_overview.dita
upgrade_ironic.dita,installation_troubleshooting.dita
ironic_oneview_integration.dita,installation_verification.dita
magnum_architecture.dita,installing_esx_kvm_vsa_with_noop.dita
magnum_install.dita,installing_kvm.dita
magnum_integrate_dns.dita,installing_swift_object_storage.dita
magnum_overview.dita,integrations.dita
multipath_boot_from_san.dita,ironic_oneview_integration.dita
post_install_overview.dita,multipath_boot_from_san.dita
postinstall_tasks.dita,post_install_overview.dita
preinstall_checklist.dita,postinstall_tasks.dita
preinstall_config.dita,preinstall_checklist.dita
preinstall_overview.dita,preinstall_config.dita
install_rhel.dita,preinstall_overview.dita
install_rhel_ceph.dita,ui_verification.dita
install_rhel_compute.dita,using_git.dita
install_rhel_uefi.dita,verify_block_storage.dita
provisioning_rhel.dita,tech_overview_ataglance.dita
rhel_overview.dita,tech_overview_hlm.dita
rhel_preinstall.dita,tech_overview_linux.dita
rhel_support.dita,tech_overview_newimproved.dita
rhel_toc.dita,tech_overview_openstack.dita
install_sles.dita,tech_overview_valueadd.dita
install_sles_ceph.dita,cinder_meters.dita
install_sles_compute.dita,computehost_meters.dita
install_sles_uefi.dita,glance_meters.dita
provisioning_sles.dita,metering_apis.dita
sles_overview.dita,metering_bestpractice.dita
sles_preinstall.dita,metering_concepts.dita
sles_support.dita,metering_failover_ha.dita
sles_toc.dita,metering_metertypes.dita
ui_verification.dita,metering_newfunctions.dita
using_git.dita,metering_notifications.dita
verify_block_storage.dita,metering_overview.dita
introduction.dita,metering_rbac.dita
tech_overview_ataglance.dita,metering_reconfig.dita
tech_overview_hlm.dita,metering_samples.dita
tech_overview_linux.dita,neutron_meters.dita
tech_overview_newimproved.dita,nova_meters.dita
tech_overview_openstack.dita,swift_meters.dita
tech_overview_valueadd.dita,DCN_integration.dita
ironic_features.dita,DCN_ml2.dita
keystone_features.dita,DCN_upgrade.dita
knownissues50.dita,VSC_setup_input_model_changes.dita
licensing_50.dita,cleanupErrorInstances.dita
logging_features.dita,configure_mtu.dita
magnum_features.dita,create_ha_router.dita
cinder_meters.dita,dcn_core.dita
computehost_meters.dita,dpdk_configurations.dita
glance_meters.dita,dpdk_ovs.dita
metering_apis.dita,dpdk_setup.dita
metering_bestpractice.dita,enabling_pcipt_on_gen9.dita
metering_concepts.dita,fwaas.dita
metering_failover_ha.dita,hugepages.dita
metering_metertypes.dita,isolated_metadata.dita
metering_newfunctions.dita,l2gw5930.dita
metering_notifications.dita,lbaas_admin.dita
metering_overview.dita,moving_from_dvr_deployments.dita
metering_rbac.dita,networking_overview.dita
metering_reconfig.dita,neutron_troubleshooting.dita
metering_samples.dita,octavia_admin.dita
neutron_meters.dita,pcipt_sriov_config.dita
nova_meters.dita,rbac.dita
swift_meters.dita,ts_dpdk.dita
mitaka_features.dita,using_ipam.dita
monasca_features.dita,vlan-aware_vm.dita
DCN_integration.dita,vlan_transparency.dita
DCN_ml2.dita,vpnaas.dita
DCN_upgrade.dita,neutron-provider-networks.dita
VSC_setup_input_model_changes.dita,neutron-external-networks.dita
cleanupErrorInstances.dita,config_ceph_boot.dita
configure_mtu.dita,deploy_monitor_standalone_node.dita
create_ha_router.dita,managing_blockstorage_ceph.dita
dcn_core.dita,reconfigure_ceph_services.dita
dpdk_configurations.dita,configure_vsa_separate_iscsi_network.dita
dpdk_ovs.dita,create_multiple_vsa_clusters.dita
dpdk_setup.dita,reconfigure_vsa_verb_add_extra_disk.dita
enabling_pcipt_on_gen9.dita,reconfigure_vsa_verb_add_remove_extra_disk.dita
fwaas.dita,blockstorage_index.dita
hugepages.dita,creating_voltype.dita
isolated_metadata.dita,managing_cinder_volumebackup_services.dita
l2gw5930.dita,configure_compute.dita
lbaas_admin.dita,creating_aggregates.dita
moving_from_dvr_deployments.dita,enabling_cpu_pinning.dita
networking_overview.dita,enabling_resize.dita
neutron_external_networks.dita,enabling_resize_esx_compute.dita
neutron_provider_networks.dita,forcing_overcommit.dita
neutron_troubleshooting.dita,using_flavor_metadata.dita
octavia_admin.dita,configure_identity.dita
pcipt_sriov_config.dita,identity_benchmark.dita
rbac.dita,identity_ldap.dita
ts_dpdk.dita,identity_limitations.dita
using_ipam.dita,identity_overview.dita
vlan-aware_vm.dita,identity_reconfigure.dita
vlan_transparency.dita,keystone_federation.dita
vpnaas.dita,keystone_token_validation.dita
neutron_features.dita,websso.dita
newfeatures50.dita,change_horizon_timeout.dita
newton_features.dita,configure_dashboard.dita
nova_features.dita,configure_horizon_v3.dita
alarm_resolutions.dita,configure_logging.dita
audit_logs_backup.dita,configure_logging_level.dita
audit_logs_checklist.dita,designate_initialconfig.dita
audit_logs_enable.dita,designate_monitor_support.dita
audit_logs_overview.dita,designate_overview.dita
blockstorage_index.dita,configure_glance.dita
config_ceph_boot.dita,add_ceph_rados_node.dita
deploy_monitor_standalone_node.dita,add_monitor_node.dita
managing_blockstorage_ceph.dita,add_osd_datadisk.dita
reconfigure_ceph_services.dita,add_osd_node.dita
creating_voltype.dita,ceph_storage_unplanned.dita
managing_cinder_volumebackup_services.dita,reboot_rados_node.dita
configure_vsa_separate_iscsi_network.dita,remove_ceph_rados_node.dita
create_multiple_vsa_clusters.dita,remove_monitor_node.dita
reconfigure_vsa_verb_add_extra_disk.dita,remove_osd_datadisk.dita
reconfigure_vsa_verb_add_remove_extra_disk.dita,remove_osd_node.dita
blockstorage_overview.dita,replace_ceph_monitor_node.dita
central_log_GS.dita,replace_ceph_osd_node.dita
central_log_access_data.dita,replace_ceph_rgw_node.dita
central_log_configure_CL.dita,replace_osd_datadisk.dita
central_log_configure_manage.dita,replace_osd_datadisk_from_dl_sl_servers.dita
central_log_configure_services.dita,replace_osd_journaldisk.dita
central_log_troubleshoot.dita,replace_osd_osdisk.dita
central_log_understanding.dita,restart_ceph.dita
centralized_logging.dita,add_hpelinux_compute.dita
change_service_passwords.dita,add_rhel_compute.dita
cloudadmin_cli.dita,add_sles_compute.dita
cloudadmin_dashboard.dita,adding_compute_nodes.dita
configure_compute.dita,comp_planned.dita
creating_aggregates.dita,planned_computenode.dita
enabling_cpu_pinning.dita,reboot_computenode.dita
enabling_resize.dita,recover_compute_node.dita
enabling_resize_esx_compute.dita,remove_compute_node.dita
forcing_overcommit.dita,cont_planned.dita
using_flavor_metadata.dita,cont_unplanned.dita
compute_alarmdefinitions.dita,ded_lifecyclemanager_recovery.dita
configure_firewall.dita,full_recovery.dita
change_horizon_timeout.dita,lifecyclemanager_recovery.dita
configure_dashboard.dita,onetwo_controller_recovery.dita
configure_horizon_v3.dita,pit_database_recovery.dita
configure_logging.dita,pit_lifecyclemanager_recovery.dita
configure_logging_level.dita,pit_swiftrings_recovery.dita
configure_identity.dita,pit_vertica_recovery.dita
identity_benchmark.dita,recovering_controller_nodes.dita
identity_ldap.dita,replace_controller.dita
identity_limitations.dita,replace_dedicated_lm.dita
identity_overview.dita,replace_shared_lm.dita
identity_reconfigure.dita,replacing_controller_notes.dita
keystone_federation.dita,restart_controller.dita
keystone_token_validation.dita,shared_lifecyclemanager_recovery.dita
websso.dita,swiftrings_recovery.dita
configuring_alarm_definitions.dita,three_controller_recovery.dita
configuring_check_plugins.dita,add_network_node.dita
configuring_tls.dita,add_swift_disk.dita
console_alarmdefinitions.dita,add_swift_object_node.dita
create_extnet.dita,add_swift_pac_node.dita
create_hdp_servicenet.dita,recover_swift_node.dita
designate_initialconfig.dita,removing_swift_node.dita
designate_monitor_support.dita,replacing_drives_swift_node.dita
designate_overview.dita,replacing_swift_node.dita
esx_alarmdefinitions.dita,swift_storage_unplanned.dita
general_troubleshooting.dita,add_vsa_node.dita
identity_alarmdefinitions.dita,remove_vsa_node.dita
configure_glance.dita,repair_vsa_maintenance.dita
integrating_hpeopsbridge.dita,replace_vsa_node.dita
integrating_nagios.dita,vsa_storage_unplanned.dita
integrating_splunk.dita,adding_moonshot_nodes.dita
integration_of_plugins_with_monasca-agent.dita,blockstorage_nodes.dita
keystone_features.dita,ceph_nodes.dita
adding_moonshot_nodes.dita,compute_maintenance.dita
blockstorage_nodes.dita,controller_nodes.dita
add_ceph_rados_node.dita,general_procedures.dita
add_monitor_node.dita,live_migration.dita
add_osd_datadisk.dita,networking_nodes.dita
add_osd_node.dita,objectstorage_nodes.dita
ceph_storage_unplanned.dita,planned_maintenance.dita
reboot_rados_node.dita,reboot_cloud_down.dita
remove_ceph_rados_node.dita,reboot_cloud_rolling.dita
remove_monitor_node.dita,storage_maintenance.dita
remove_osd_datadisk.dita,storage_unplanned.dita
remove_osd_node.dita,swift_nodes.dita
replace_ceph_monitor_node.dita,system_maintenance.dita
replace_ceph_osd_node.dita,unplanned_maintenance.dita
replace_ceph_rgw_node.dita,vsa_nodes.dita
replace_osd_datadisk.dita,whole_unplanned.dita
replace_osd_datadisk_from_dl_sl_servers.dita,managing_quotas.dita
replace_osd_journaldisk.dita,accessing_monitoring.dita
replace_osd_osdisk.dita,alarm_metrics.dita
restart_ceph.dita,alarms_monitoring.dita
ceph_nodes.dita,apache_metrics.dita
add_hpelinux_compute.dita,capacity_reporting_transform.dita
add_rhel_compute.dita,ceilometer_metrics.dita
add_sles_compute.dita,ceph_config_parameters.dita
adding_compute_nodes.dita,ceph_metrics.dita
comp_planned.dita,cinder_metrics.dita
planned_computenode.dita,compute_metrics.dita
reboot_computenode.dita,config_metrics.dita
recover_compute_node.dita,config_mon_database.dita
remove_compute_node.dita,config_mon_notemail.dita
compute_maintenance.dita,configure_monitoring.dita
cont_planned.dita,crash_metrics.dita
cont_unplanned.dita,crt_adding_transform_spark.dita
ded_lifecyclemanager_recovery.dita,crt_aggregated_metrics.dita
full_recovery.dita,crt_arch_transform_spark.dita
lifecyclemanager_recovery.dita,crt_change_compute_host.dita
onetwo_controller_recovery.dita,crt_components.dita
pit_database_recovery.dita,crt_deployment.dita
pit_lifecyclemanager_recovery.dita,crt_features.dita
pit_swiftrings_recovery.dita,crt_increasing_scale.dita
pit_vertica_recovery.dita,crt_overview.dita
recovering_controller_nodes.dita,crt_reconfigure.dita
replace_controller.dita,crt_upgrade.dita
replace_dedicated_lm.dita,directory_metrics.dita
replace_shared_lm.dita,elasticsearch_metrics.dita
replacing_controller_notes.dita,enable_mon_console.dita
restart_controller.dita,haproxy_metrics.dita
shared_lifecyclemanager_recovery.dita,httpcheck_metrics.dita
swiftrings_recovery.dita,kafka_metrics.dita
three_controller_recovery.dita,libvirt_metrics.dita
controller_nodes.dita,libvirt_tuningknobs.dita
general_procedures.dita,monasca_agg_metrics.dita
live_migration.dita,monasca_hipchat_plugin.dita
add_network_node.dita,monasca_jira_plugin.dita
networking_nodes.dita,monasca_metrics.dita
objectstorage_nodes.dita,monasca_plugins_overview.dita
planned_maintenance.dita,monasca_slack_plugin.dita
reboot_cloud_down.dita,monitoring_overview.dita
reboot_cloud_rolling.dita,mysql_metrics.dita
storage_maintenance.dita,ntp_metrics.dita
storage_unplanned.dita,ovs_metrics.dita
add_swift_disk.dita,ovs_tuningknobs.dita
add_swift_object_node.dita,process_metrics.dita
add_swift_pac_node.dita,rabbitmq_metrics.dita
recover_swift_node.dita,swift_metrics.dita
removing_swift_node.dita,system_metrics.dita
replacing_drives_swift_node.dita,update_vertica_license.dita
replacing_swift_node.dita,vertica_metrics.dita
swift_storage_unplanned.dita,working_monitoring.dita
swift_nodes.dita,zookeeper_metrics.dita
system_maintenance.dita,add_new_storage_policy.dita
unplanned_maintenance.dita,changing_swift_zone.dita
add_vsa_node.dita,input_model_change_existing_rings.dita
remove_vsa_node.dita,lm_scan_metering.dita
repair_vsa_maintenance.dita,managing_objectstorage_swift.dita
replace_vsa_node.dita,rebalanced_explained.dita
vsa_storage_unplanned.dita,ring_management.dita
vsa_nodes.dita,safe_rebalance_deploy_ring.dita
whole_unplanned.dita,swift_cli.dita
managing_quotas.dita,swift_container_sync.dita
managing_blockstorage.dita,swift_dispersion_report.dita
managing_blockstorage_ceph.dita,swift_min_part_hours.dita
managing_blockstorage_cinder.dita,swift_ring_mgmt.dita
managing_compute.dita,swift_weight_attribute.dita
managing_dashboards.dita,validating_swift_recon.dita
managing_esx.dita,alarm_definitions.dita
managing_identity.dita,alarm_explorer.dita
managing_networking.dita,compute_hosts.dita
managing_notificationmethods.dita,compute_instances.dita
managing_objectstorage.dita,compute_summary.dita
managing_orchestration.dita,cs_opsconsole_appliances.dita
managing_services.dita,cs_opsconsole_backup_restore.dita
managing_telemetry.dita,cs_opsconsole_block_storage_devices.dita
metric_performance_considerations.dita,cs_opsconsole_block_storage_summary.dita
monasca_agent.dita,cs_opsconsole_compute_storage_summary.dita
monasca_integration_overview.dita,cs_opsconsole_hardware_baremetal.dita
monitoring.dita,cs_opsconsole_hardware_oneview.dita
accessing_monitoring.dita,cs_opsconsole_integrated_tools.dita
alarm_metrics.dita,cs_opsconsole_system_networking.dita
alarms_monitoring.dita,logging.dita
apache_metrics.dita,my_dashboard_overview.dita
capacity_reporting_transform.dita,networking_summary.dita
ceilometer_metrics.dita,notification_methods.dita
ceph_config_parameters.dita,opsconsole_dashboard.dita
ceph_metrics.dita,OpsConsole_manage_swift.dita
cinder_metrics.dita,alarm_resolutions.dita
compute_metrics.dita,block_storage_alarm.dita
config_metrics.dita,cap_storage.dita
config_mon_database.dita,charts.dita
config_mon_notemail.dita,code_enghost.dita
configure_monitoring.dita,connect_opsconsole.dita
crash_metrics.dita,hdp_summary.dita
crt_adding_transform_spark.dita,help_opsconsole.dita
crt_aggregated_metrics.dita,invent_storage.dita
crt_arch_transform_spark.dita,manage_compute_instances.dita
crt_change_compute_host.dita,metric_monitoring.dita
crt_components.dita,opsconsole.ditamap
crt_deployment.dita,perf_storage.dita
crt_features.dita,storage_summary.dita
crt_increasing_scale.dita,using_opsconsole.dita
crt_overview.dita,autoscaling.dita
crt_reconfigure.dita,configure_orchestration.dita
crt_upgrade.dita,objectstorage/deploy_fails_with_msdos_disks.dita
directory_metrics.dita,objectstorage/examine_details_planned_ring_changes_prior_deploy.dita
elasticsearch_metrics.dita,objectstorage/filesystem_label.dita
enable_mon_console.dita,objectstorage/filesystem_usage_nowipe.dita
haproxy_metrics.dita,objectstorage/identify_ring_builder.dita
httpcheck_metrics.dita,objectstorage/increase_timeout.dita
kafka_metrics.dita,objectstorage/interpreting_swift_validate_input_model.dita
libvirt_metrics.dita,objectstorage/label_on_partition.dita
libvirt_tuningknobs.dita,objectstorage/recovering_builder_file.dita
monasca_agg_metrics.dita,objectstorage/restart_deploy_from_scratch.dita
monasca_hipchat_plugin.dita,contacting_support.dita
monasca_jira_plugin.dita,percona_partitioning_check.dita
monasca_metrics.dita,recover_rabbit.dita
monasca_plugins_overview.dita,recover_vertica.dita
monasca_slack_plugin.dita,recover_vertica_network.dita
monitoring_overview.dita,troubleshooting_issues.dita
mysql_metrics.dita,troubleshooting_sosreport.dita
ntp_metrics.dita,ts_blockstorage.dita
ovs_metrics.dita,ts_bura.dita
ovs_tuningknobs.dita,ts_ceph.dita
process_metrics.dita,ts_compute.dita
rabbitmq_metrics.dita,ts_controlplane.dita
swift_metrics.dita,ts_heat.dita
system_metrics.dita,ts_image.dita
update_vertica_license.dita,ts_magnum.dita
vertica_metrics.dita,ts_metering.dita
working_monitoring.dita,ts_orchestration.dita
zookeeper_metrics.dita,ts_rados.dita
monitoring_service.dita,ts_storage.dita
monitoring_third_party_components.dita,ts_swift.dita
monitoring_vcenter_clusters.dita,ts_telemetry.dita
networking_alarmdefinitions.dita,ts_tools.dita
add_new_storage_policy.dita,ts_vsa.dita
changing_swift_zone.dita,integrating_logstash_splunk.dita
input_model_change_existing_rings.dita,keystone_ldap_integration.dita
lm_scan_metering.dita,manage_logs.dita
managing_objectstorage_swift.dita,quickstart_guide.dita
rebalanced_explained.dita,alarm_resolutions.dita
ring_management.dita,audit_logs_backup.dita
safe_rebalance_deploy_ring.dita,audit_logs_checklist.dita
swift_cli.dita,audit_logs_enable.dita
swift_container_sync.dita,audit_logs_overview.dita
swift_dispersion_report.dita,blockstorage_overview.dita
swift_min_part_hours.dita,central_log_GS.dita
swift_ring_mgmt.dita,central_log_access_data.dita
swift_weight_attribute.dita,central_log_configure_CL.dita
validating_swift_recon.dita,central_log_configure_manage.dita
objectstorage_index.dita,central_log_configure_services.dita
operations.ditamap,central_log_troubleshoot.dita
operations_index.dita,central_log_understanding.dita
operations_overview.dita,centralized_logging.dita
ops_dashboard_overview.dita,change_service_passwords.dita
OpsConsole_manage_swift.dita,cloudadmin_cli.dita
alarm_resolutions.dita,cloudadmin_dashboard.dita
block_storage_alarm.dita,compute_alarmdefinitions.dita
cap_storage.dita,configure_firewall.dita
charts.dita,configuring_alarm_definitions.dita
code_enghost.dita,configuring_check_plugins.dita
connect_opsconsole.dita,configuring_tls.dita
alarm_definitions.dita,console_alarmdefinitions.dita
alarm_explorer.dita,create_extnet.dita
compute_hosts.dita,create_hdp_servicenet.dita
compute_instances.dita,esx_alarmdefinitions.dita
compute_summary.dita,general_troubleshooting.dita
cs_opsconsole_appliances.dita,identity_alarmdefinitions.dita
cs_opsconsole_backup_restore.dita,integrating_hpeopsbridge.dita
cs_opsconsole_block_storage_devices.dita,integrating_nagios.dita
cs_opsconsole_block_storage_summary.dita,integrating_splunk.dita
cs_opsconsole_compute_storage_summary.dita,integration_of_plugins_with_monasca-agent.dita
cs_opsconsole_hardware_baremetal.dita,keystone_features.dita
cs_opsconsole_hardware_oneview.dita,managing_blockstorage.dita
cs_opsconsole_integrated_tools.dita,managing_blockstorage_cinder.dita
cs_opsconsole_system_networking.dita,managing_compute.dita
logging.dita,managing_dashboards.dita
my_dashboard_overview.dita,managing_esx.dita
networking_summary.dita,managing_identity.dita
notification_methods.dita,managing_networking.dita
opsconsole_dashboard.dita,managing_notificationmethods.dita
hdp_summary.dita,managing_objectstorage.dita
help_opsconsole.dita,managing_orchestration.dita
invent_storage.dita,managing_services.dita
manage_compute_instances.dita,managing_telemetry.dita
metric_monitoring.dita,metric_performance_considerations.dita
opsconsole.ditamap,monasca_agent.dita
perf_storage.dita,monasca_integration_overview.dita
storage_summary.dita,monitoring.dita
using_opsconsole.dita,monitoring_service.dita
opsconsole_overview.dita,monitoring_third_party_components.dita
autoscaling.dita,monitoring_vcenter_clusters.dita
configure_orchestration.dita,networking_alarmdefinitions.dita
other_alarmdefinitions.dita,objectstorage_index.dita
restart_ceph_rados.dita,operations.ditamap
restarting_nodes.dita,operations_index.dita
retrieve_adminpassword.dita,operations_overview.dita
start_stop_services.dita,ops_dashboard_overview.dita
storage_alarmdefinitions.dita,opsconsole_overview.dita
swift_node_maintenance.dita,other_alarmdefinitions.dita
system_alarmdefinitions.dita,restart_ceph_rados.dita
telemetry_alarmdefinitions.dita,restarting_nodes.dita
thirdparty_driver_support.dita,retrieve_adminpassword.dita
thirdparty_integrations.dita,start_stop_services.dita
contacting_support.dita,storage_alarmdefinitions.dita
deploy_fails_with_msdos_disks.dita,swift_node_maintenance.dita
examine_details_planned_ring_changes_prior_deploy.dita,system_alarmdefinitions.dita
filesystem_label.dita,telemetry_alarmdefinitions.dita
filesystem_usage_nowipe.dita,thirdparty_driver_support.dita
identify_ring_builder.dita,thirdparty_integrations.dita
increase_timeout.dita,tutorials.dita
interpreting_swift_validate_input_model.dita,understanding_identity.dita
label_on_partition.dita,upload_image.dita
recovering_builder_file.dita,writing_custom_plugins.dita
restart_deploy_from_scratch.dita,allocate_pac.dita
percona_partitioning_check.dita,allocating_disk_drives.dita
recover_rabbit.dita,allocating_network.dita
recover_vertica.dita,allocating_server.dita
recover_vertica_network.dita,creating_object_server_resource.dita
troubleshooting_issues.dita,creating_pac_cluster.dita
troubleshooting_sosreport.dita,creating_roles_swift_nodes.dita
ts_blockstorage.dita,modify_swift_service_config_files.dita
ts_bura.dita,objectstorage_overview.dita
ts_ceph.dita,ring_specifications.dita
ts_compute.dita,storage_policies.dita
ts_controlplane.dita,swift_device_groups.dita
ts_heat.dita,swift_input_model.dita
ts_image.dita,swift_zones.dita
ts_magnum.dita,register_suse_already_installed.dita
ts_metering.dita,register_suse_automated.dita
ts_orchestration.dita,register_suse_install.dita
ts_rados.dita,register_suse_overview.dita
ts_storage.dita,disk.dita
ts_swift.dita,high_availability.dita
ts_telemetry.dita,hw_support_diskcalc.dita
ts_tools.dita,hw_support_esxguestos.dita
ts_vsa.dita,hw_support_hardware.dita
tutorials.dita,hw_support_hardwareconfig.dita
integrating_logstash_splunk.dita,hw_support_ironicguestos.dita
keystone_ldap_integration.dita,hw_support_kvmguestos.dita
manage_logs.dita,hw_support_matrix.dita
quickstart_guide.dita,hw_support_openstackvers.dita
understanding_identity.dita,hw_support_perfnotes.dita
upload_image.dita,hw_support_scaling.dita
writing_custom_plugins.dita,hw_support_software.dita
overview.dita,planning.ditamap
pdf30.dita,planning_index.dita
disk.dita,planning_preinstall.dita
high_availability.dita,rec_min_entryscale_esx_kvm_vsa.dita
hw_support_diskcalc.dita,rec_min_entryscale_esx_kvm_vsa_mml.dita
hw_support_esxguestos.dita,rec_min_entryscale_kvm.dita
hw_support_hardware.dita,rec_min_entryscale_kvm_ceph.dita
hw_support_hardwareconfig.dita,rec_min_entryscale_kvm_vsa.dita
hw_support_ironicguestos.dita,rec_min_ironic.dita
hw_support_kvmguestos.dita,rec_min_swift.dita
hw_support_matrix.dita,test.dita
hw_support_openstackvers.dita,thirdparty_overview.dita
hw_support_perfnotes.dita,recommended-hardware-minimums.dita
hw_support_scaling.dita,admin_role_segregation.dita
hw_support_software.dita,allow_user_to_create_cinder_vol.dita
allocate_pac.dita,arcsight.dita
allocating_disk_drives.dita,barbican.dita
allocating_network.dita,barbican_admin.dita
allocating_server.dita,barbican_new_features.dita
creating_object_server_resource.dita,dar.dita
creating_pac_cluster.dita,encrypted_ephvol.dita
creating_roles_swift_nodes.dita,encrypted_storage.dita
modify_swift_service_config_files.dita,header_poisoning.dita
objectstorage_overview.dita,horizon_ssl_auth.dita
ring_specifications.dita,middleware_auditing.dita
storage_policies.dita,security_features.dita
swift_device_groups.dita,security_overview.dita
swift_input_model.dita,tls_config.dita
swift_zones.dita,tls_configCONTENT_DO_NOT_DELETE.dita
planning.ditamap,tls_mysql.dita
planning_index.dita,tls_overview.dita
planning_preinstall.dita,tls_rabbit_mq.dita
rec_min_entryscale_esx_kvm_vsa.dita,troubleshooting_tls.dita
rec_min_entryscale_esx_kvm_vsa_mml.dita,ts_keymgmt.dita
rec_min_entryscale_kvm.dita,using_apparmor.dita
rec_min_entryscale_kvm_ceph.dita,add_rados_gateway.dita
rec_min_entryscale_kvm_vsa.dita,enable_barbican_for_upgrade.dita
rec_min_ironic.dita,general_upgrade.dita
rec_min_swift.dita,neutron_configuration_data.dita
recommended_hardware_minimums.dita,qemu_save_folder_move.dita
register_suse_already_installed.dita,update_disk_models.dita
register_suse_automated.dita,upgrade.ditamap
register_suse_install.dita,upgrade_401.dita
register_suse_overview.dita,upgrade_ceph-rados.dita
test.dita,upgrade_ceph_model.dita
thirdparty_overview.dita,upgrade_delete_alarms.dita
recommended_hardware_minimums.dita,upgrade_deltas.dita
releasenotes50.dita,upgrade_deprecated.dita
releasenotes501.dita,upgrade_designate.dita
releasenotes502.dita,upgrade_fail_alarms.dita
rn_content-jira_1688.dita,upgrade_git_merge.dita
admin_role_segregation.dita,upgrade_install_clients.dita
allow_user_to_create_cinder_vol.dita,upgrade_nova_resize_migrate.dita
arcsight.dita,upgrade_overview.dita
barbican.dita,upgrade_perform_upgrade.dita
barbican_admin.dita,upgrade_postupgrade_tasks.dita
barbican_new_features.dita,upgrade_preupgrade_tasks.dita
dar.dita,upgrade_recover_rabbit.dita
encrypted_ephvol.dita,upgrade_tempest.dita
encrypted_storage.dita,upgrade_toc.dita
header_poisoning.dita,upgrade_vpnaas.dita
horizon_ssl_auth.dita,upgradeto50.dita
middleware_auditing.dita,create_magnum_cluster.dita
security_features.dita,create_magnum_cluster_dashboard.dita
security_overview.dita,deploy_kubernetes_app.dita
tls_config.dita,deploying_apache_mesos_ubuntu.dita
tls_configCONTENT_DO_NOT_DELETE.dita,deploying_docker_fedora_atomic.dita
tls_mysql.dita,deploying_kubernetes_coreos.dita
tls_overview.dita,deploying_kubernetes_fedora_atomic.dita
tls_rabbit_mq.dita,using_container_as_a_service.dita
troubleshooting_tls.dita,create_image.dita
ts_keymgmt.dita,create_keypair.dita
using_apparmor.dita,create_network.dita
swift_features.dita,installing_cli.dita
unsupported_features.dita,lbaas.dita
add_rados_gateway.dita,lbaas_dashboard.dita
enable_barbican_for_upgrade.dita,lbaas_heat.dita
general_upgrade.dita,user_cloudadmin.dita
neutron_configuration_data.dita,user_dashboard_overview.dita
qemu_save_folder_move.dita,user_nonadmin.dita
update_disk_models.dita,userguide.ditamap
upgrade.ditamap,userguide_index.dita
upgrade_401.dita,barbican_features.dita
upgrade_ceph-rados.dita,ceilometer_features.dita
upgrade_ceph_model.dita,ceph_twonetworks_config.dita
upgrade_delete_alarms.dita,cinder_backend_config.dita
upgrade_deltas.dita,cinder_features.dita
upgrade_deprecated.dita,documentation_updates.dita
upgrade_designate.dita,enhancements_to_openstack.dita
upgrade_fail_alarms.dita,eula_30.dita
upgrade_git_merge.dita,faqs.dita
upgrade_install_clients.dita,fixedissues50.dita
upgrade_nova_resize_migrate.dita,freezer_features.dita
upgrade_overview.dita,glance_features.dita
upgrade_perform_upgrade.dita,heat_features.dita
upgrade_postupgrade_tasks.dita,horizon_features.dita
upgrade_preupgrade_tasks.dita,index.dita
upgrade_recover_rabbit.dita,introduction.dita
upgrade_tempest.dita,ironic_features.dita
upgrade_toc.dita,knownissues50.dita
upgrade_vpnaas.dita,licensing_50.dita
upgradeto50.dita,logging_features.dita
create_magnum_cluster.dita,magnum_features.dita
create_magnum_cluster_dashboard.dita,mitaka_features.dita
deploy_kubernetes_app.dita,monasca_features.dita
deploying_apache_mesos_ubuntu.dita,neutron_features.dita
deploying_docker_fedora_atomic.dita,newfeatures50.dita
deploying_kubernetes_coreos.dita,newton_features.dita
deploying_kubernetes_fedora_atomic.dita,nova_features.dita
using_container_as_a_service.dita,overview.dita
create_image.dita,pdf30.dita
create_keypair.dita,recommended_hardware_minimums.dita
create_network.dita,releasenotes50.dita
deploying_docker_fedora_atomic.dita,releasenotes501.dita
deploying_kubernetes_coreos.dita,releasenotes502.dita
deploying_kubernetes_fedora_atomic.dita,rn_content-jira_1688.dita
installing_cli.dita,swift_features.dita
lbaas.dita,unsupported_features.dita
lbaas_dashboard.dita,newton_keystone_features.dita
lbaas_heat.dita,
user_cloudadmin.dita,
user_dashboard_overview.dita,
user_nonadmin.dita,
userguide.ditamap,
userguide_index.dita,
accessing_monitoring.dita,
alarm_metrics.dita,
alarms_monitoring.dita,
apache_metrics.dita,
capacity_reporting_transform.dita,
ceilometer_metrics.dita,
ceph_config_parameters.dita,
ceph_metrics.dita,
cinder_metrics.dita,
compute_metrics.dita,
config_metrics.dita,
config_mon_database.dita,
config_mon_notemail.dita,
configure_monitoring.dita,
crash_metrics.dita,
crt_adding_transform_spark.dita,
crt_aggregated_metrics.dita,
crt_arch_transform_spark.dita,
crt_change_compute_host.dita,
crt_components.dita,
crt_deployment.dita,
crt_features.dita,
crt_increasing_scale.dita,
crt_overview.dita,
crt_reconfigure.dita,
crt_upgrade.dita,
directory_metrics.dita,
elasticsearch_metrics.dita,
enable_mon_console.dita,
haproxy_metrics.dita,
httpcheck_metrics.dita,
kafka_metrics.dita,
libvirt_metrics.dita,
libvirt_tuningknobs.dita,
monasca_agg_metrics.dita,
monasca_hipchat_plugin.dita,
monasca_jira_plugin.dita,
monasca_metrics.dita,
monasca_plugins_overview.dita,
monasca_slack_plugin.dita,
monitoring_overview.dita,
mysql_metrics.dita,
ntp_metrics.dita,
ovs_metrics.dita,
ovs_tuningknobs.dita,
process_metrics.dita,
rabbitmq_metrics.dita,
swift_metrics.dita,
system_metrics.dita,
update_vertica_license.dita,
vertica_metrics.dita,
working_monitoring.dita,
zookeeper_metrics.dita,
managing_quotas.dita,
