DocsImageHTML,HOS
1.PNG,1.PNG
2.PNG,2.PNG
3.PNG,3.PNG
,add.png
AddUser1.png,AddUser1.png
AddUser2.png,AddUser2.png
AddUser3.png,AddUser3.png
AddUser4.png,AddUser4.png
addvsa_cmc1.png,addvsa_cmc1.png
addvsa_cmc10.png,addvsa_cmc10.png
addvsa_cmc2.png,addvsa_cmc2.png
addvsa_cmc3.png,addvsa_cmc3.png
addvsa_cmc4.png,addvsa_cmc4.png
addvsa_cmc5.png,addvsa_cmc5.png
addvsa_cmc6.png,addvsa_cmc6.png
addvsa_cmc7.png,addvsa_cmc7.png
addvsa_cmc8.png,addvsa_cmc8.png
addvsa_cmc9.png,addvsa_cmc9.png
,ansible_playbook_roles.png
AreaIcon.png,AreaIcon.png
AreaStackedIcon.png,AreaStackedIcon.png
,asc.png
AssignAdmin1.png,AssignAdmin1.png
AssignAdmin2.png,AssignAdmin2.png
AssignAdmin3.png,AssignAdmin3.png
AssignAdmin4.png,AssignAdmin4.png
AssignAdmin5.png,AssignAdmin5.png
AssignAdmin6.png,AssignAdmin6.png
,associate_voltype1.png
associate_voltype30_2.png,associate_voltype2.png
associate_voltype30_3.png,associate_voltype3.png
,associate_voltype30_2.png
,associate_voltype30_3.png
AZ.png,AZ.png
BarChartIcon.png,BarChartIcon.png
,bg.png
bura_architecture.png,bura_architecture.png
,ceil_collectorandagents.png
,ceil_overallarchi.png
Ceilo_API_Polling.png,Ceilo_API_Polling.png
,Ceilo_Architecture.png
,centralized_logging_diagram.png
,centralized_logging_diagram40.png
,centrallogging75.png
ceph_rgw_architecture.png,ceph_rgw_architecture.png
,ceph-ansible-create-user1.png
,ceph-ansible-create-user2.png
,ceph-ansible-create-user3.png
,ceph-ansible-nova-list.png
,ceph-ansible-nova-list1.png
,ceph-ansible-nova1.png
,ceph-ansible-playbooks-glance-clone1.png
,ceph-ansible-playbooks-glance-clone2.png
,ceph-ansible-playbooks-glance-clone3.png
,ceph-ansible-playbooks-glance-horizon.png
,ceph-ansible-playbooks-glance1.png
,ceph-ansible-rgw.png
,ceph-ansible-swift-list.png
,ceph-ansible-swift-stat-verify.png
,ceph-ansible-swift-stat.png
,ceph-ansible-swift-upload.png
,ceph-deployment-example.png
,ceph-installation-flow.png
,ceph-logical-architecture.png
,ceph-mysql-snapshot1.png
,ceph-mysql-snapshot2.png
,ceph-mysql-snapshot3.png
,ceph-mysql-snapshot4.png
,ceph-mysql-snapshot5.png
,ceph-mysql-snapshot6.png
,ceph-mysql-snapshot7.png
,ceph-mysql-snapshot8.png
,ceph-physical-architecture.png
,cephcomm50.png
,cephdeploy50.png
,cephlogicalarch50.png
cert_dn_example.png,cert_dn_example.png
cinder_topology.png,
,check.png
,clear.png
CloudAdmin.png,CloudAdmin.png
cluster_expansion.png,cluster_expansion.png
cmc-software-version.png,cmc-software-version.png
,cmc-upgrade.png
,cmc-urgent-patch-available.png
cmc-vsa1.png,cmc-vsa1.png
,cmc-vsa2.png
,cmc-vsa3.png
cmc-vsa4.png,cmc-vsa4.png
,cmc-vsa5.png
,cmc-vsa6.png
,cmc-vsa7.png
,cmc1-vsa_upgrade.png
cmc1.png,cmc1.png
cmc10.png,cmc10.png
cmc11.png,cmc11.png
cmc12.png,cmc12.png
cmc13.png,cmc13.png
,cmc2-vsa_upgrade.png
cmc2.png,cmc2.png
,cmc3-vsa_upgrade.png
cmc3.png,cmc3.png
,cmc4-vsa_upgrade.png
cmc4.png,cmc4.png
,cmc5-vsa_upgrade.png
cmc5.png,cmc5.png
,cmc6-vsa_upgrade.png
cmc6.png,cmc6.png
,cmc7-vsa_upgrade.png
cmc7.png,cmc7.png
cmc8.png,cmc8.png
cmc9.png,cmc9.png
configuring_splunk_1.png,
configuring_splunk_10.png,
configuring_splunk_11.png,
configuring_splunk_2.png,
configuring_splunk_3.png,
configuring_splunk_4.png,
configuring_splunk_5.png,
configuring_splunk_6.png,
configuring_splunk_7.png,
configuring_splunk_8.png,
configuring_splunk_9.png,
,commercial_cinder-fc-zone-50.png
,commercial_cloud-network-integration-openstack-services.png
,commercial_esx_network_architecture.png
,commercial_openstack-services.png
,commercial-ceph-formula-placement-group.png
,commercial-horizon-password-file.png
,commercial-install-laptop-successful-ntp-output.png
,commercial.network-administrator.png
CPST_Concurrent_bars.png,CPST_Concurrent_bars.png
CPST_Concurrent_lines.png,CPST_Concurrent_lines.png
CPST_ImprovementByCache_bars.png,CPST_ImprovementByCache_bars.png
CPST_ImprovementByCache_lines.png,CPST_ImprovementByCache_lines.png
CPST_Nonconcurrent_barrs.png,CPST_Nonconcurrent_barrs.png
CPST_Nonconcurrent_lines.png,CPST_Nonconcurrent_lines.png
create_a_record.png,create_a_record.png
create_cluster_img1.png,create_cluster_img1.png
create_cluster_img2.png,create_cluster_img2.png
create_cluster_img3.png,create_cluster_img3.png
create_cluster_template.png,create_cluster_template.png
create_cluster_template2.png,create_cluster_template2.png
create_cluster_template3.png,create_cluster_template3.png
create_cluster.png,create_cluster.png
create_domain.png,create_domain.png
create_keypair1.png,
create_keypair2.png,
create_keypair3.png,
,create_network_2.png
,create_network_3.png
,create_network_4.png
,create_network_5.png
,create_network_6.png
,create_network_7.png
,create_network_8.png
,create_network_9.png
,create_network.png
create_network30_10.png,create_network30_10.png
create_network30_11.png,create_network30_11.png
create_network30_2.png,create_network30_2.png
create_network30_3.png,create_network30_3.png
create_network30_4.png,create_network30_4.png
create_network30_5.png,create_network30_5.png
create_network30_6.png,create_network30_6.png
create_network30_7.png,create_network30_7.png
create_network30_8.png,create_network30_8.png
create_network30_9.png,create_network30_9.png
create_router30_2.png,create_router_2.png
create_router30_3.png,create_router_3.png
,create_router_4.png
,create_router.png
create_voltype30_1.png,
create_voltype30_2.png,create_router30_2.png
create_voltype30_3.png,create_router30_3.png
,create_voltype1.png
,create_voltype2.png
,create_voltype3.png
,create_voltype30_1.png
,create_voltype30_2.png
,create_voltype30_3.png
,create-ceph-volumetype.png
,create-volumetype.png
,create-volumetype1.png
,create-volumetype2.png
,createDBinstance1_2.PNG
CreateProject1.png,CreateProject1.png
CreateProject2.png,CreateProject2.png
CreateProject3.png,CreateProject3.png
CreateProject4.png,CreateProject4.png
CreateProject5.png,CreateProject5.png
CreateUser1.png,CreateUser1.png
CreateUser2.png,CreateUser2.png
CreateUser3.png,CreateUser3.png
CreateUser4.png,CreateUser4.png
CreateUser5.png,CreateUser5.png
createvol1.png,createvol1.png
createvol2.png,createvol2.png
createvol3.png,createvol3.png
,dbaas_clusters_1.PNG
,dbaas_clusters_2.PNG
,dbaas_delete.PNG
,dbaas_list.PNG
,debian_rhel_import.png
delvol1.png,delvol1.png
delvol2.png,delvol2.png
,DeploymentZonesHA2.0_1.png
,desc.png
DetailDots.png,DetailDots.png
DHCP-pxe-ipxe.png,DHCP-pxe-ipxe.png
,disc_calc_inputs.png
,disc_calc_output_entry_scale.png
,diskcalc.png
DiskCalc1.png,DiskCalc1.png
DiskCalc2.png,DiskCalc2.png
DiskCalc3.png,DiskCalc3.png
disks_setup_page.png,disks_setup_page.png
domain_selector.png,domain_selector.png
DomainLogin.png,DomainLogin.png
drs-group2.png,drs-group2.png
drs-rule1.png,drs-rule1.png
EditProject1.png,EditProject1.png
EditProject2.png,EditProject2.png
EditProject3.png,EditProject3.png
EditProject4.png,EditProject4.png
EditProject5.png,EditProject5.png
EditUser1.png,EditUser1.png
EditUser2.png,EditUser2.png
EditUser3.png,EditUser3.png
EditUser4.png,EditUser4.png
EditUser5.png,EditUser5.png
entry_scale_ironic.png,
,entry_scale_esx_hpe_lg.png
,entry_scale_esx_hpe.png
,entry_scale_esx_lg.png
,entry_scale_esx.png
entry_scale_kvm_ceph_two_network.png,
,entry_scale_kvm_ceph_lg.png
entry_scale_kvm_ceph.png,entry_scale_kvm_ceph.png
,entry_scale_kvm_vsa_lg_old.png
,entry_scale_kvm_vsa_old.png
,entry_scale_kvm_vsa_shared_lg.png
entry_scale_kvm_vsa_shared.png,entry_scale_kvm_vsa_shared.png
,entry_scale_swift_lg.png
entry_scale_swift.png,entry_scale_swift.png
,Entry-Scale-2pxBorder.png
,Entry-Scale-Ceph-2pxBorder.png
Entry-Scale-Ceph-AllNetworks.png,Entry-Scale-Ceph-AllNetworks.png
,Entry-Scale-Ceph-ExternalAPI.png
,Entry-Scale-Ceph-ExternalVM.png
,Entry-Scale-Ceph-Guest.png
,Entry-Scale-Ceph-Management.png
,Entry-Scale-Ceph-Octavia.png
,Entry-Scale-Ceph-OSDClient.png
,Entry-Scale-Ceph-OSDInternal.png
,Entry-Scale-Ceph-ProviderVLANS.png
Entry-ScaleAllNetworks.png,Entry-ScaleAllNetworks.png
,Entry-ScaleDedicated-2pxBorder.png
Entry-ScaleDedicatedAllNetworks.png,Entry-ScaleDedicatedAllNetworks.png
,Entry-ScaleDedicatedExternalAPI.png
,Entry-ScaleDedicatedExternalVM.png
,Entry-ScaleDedicatedGuest.png
,Entry-ScaleDedicatedManagement.png
,Entry-ScaleDedicatedOctavia.png
,Entry-ScaleDedicatedProviderVLANS.png
Entry-ScaleESX-KVMwithVSADedicatedMML.png,
Entry-ScaleESX-KVMwithVSAmodel.png,
,Entry-ScaleExternalAPI.png
,Entry-ScaleExternalVM.png
,Entry-ScaleGuest.png
Entry-ScaleIronicMultiTenancy.png,Entry-ScaleIronicMultiTenancy.png
,Entry-ScaleManagement.png
,Entry-ScaleOctavia.png
,Entry-ScaleProviderVLANS.png
eon_delete_ovsvapp.png,eon_delete_ovsvapp.png
eon_disconnect_maintenance.png,eon_disconnect_maintenance.png
eon_maintenance.png,eon_maintenance.png
eon_poweroff_ovsvapp.png,eon_poweroff_ovsvapp.png
eon_service_host1.png,eon_service_host1.png
eon_service_host2.png,eon_service_host2.png
eon_service_host3.png,eon_service_host3.png
,eon-architecture.png
EON-Architecture.png,EON-Architecture.png
,error.png
esx_cluster2.png,esx_cluster2.png
esx_hostname.png,esx_hostname.png
esx_ovsvapp.png,esx_ovsvapp.png
,ESXi_hypervisor_networking.png
,extraspecs_3par.png
,extraspecs_ceph.png
,extraspecs_vsa.png
,extraspecs1.png
,extraspecs2.png
extraspecs30_1.png,extraspecs30_1.png
extraspecs30_2.png,extraspecs30_2.png
extraspecs30_3par.png,extraspecs30_3par.png
extraspecs30_ceph.png,extraspecs30_ceph.png
extraspecs30_vsa.png,extraspecs30_vsa.png
f5-bigip-console-showing-working-lbaas-tls.png,f5-bigip-console-showing-working-lbaas-tls.png
F5BIGIP_verify.png,F5BIGIP_verify.png
flavor_extraspecs_1.png,
flavor_extraspecs_2.png,
flavor_extraspecs_3.png,
flavor_extraspecs_4.png,
,FCP_Figure2_HOS1.1.png
,flexiblecontrolpane1.png
,flexiblecontrolpane2.png
,forbidden.png
gdbserver.png,gdbserver.png
HA_AvailabilityZones_3.png,HA_AvailabilityZones_3.png
,ha-architecture.png
,ha-availability-zone.png
ha-block-storage.png,ha-block-storage.png
ha-cinder-volume.png,ha-cinder-volume.png
,ha-nodefailure-1.png
,ha-nodefailure-2.png
,ha-nodefailure-3.png
ha-resilient-cloud-infrastructure.png,Ha-resilient-cloud-infrastructure.png
,ha-swift.png
,Helion_Security1_50.png
,Helion_Security1.png
,Helion_Security2.png
,Helion_Security3.png
,Helion_Security4.png
,Helion_Security5.png
,Helion_Security6.png
,Helion_Security7.png
,Helion_Security8.png
,Helion_Security9_50.png
,Helion_Security9.png
,helion_virtual_machine_access_ceph_storage.png
,helion-ceph-create-user-subuser.png
,helion-ceph-generate-secrete-key.png
,helion-ceph-rados-lspools.png
,helion-ceph-user-uid-user-swift.png
,helion-openstack50.png
,HelionDashboardDetailnew1.png
,HelionDashboardMenus.png
HelionDashboardMenusnew1.png,HelionDashboardMenusnew1.png
HelionLogin.png,HelionLogin.png
,HelionOpenStack30Services.png
,help_16.png
,help.png
,hLinux_login.png
homepage.png,homepage.png
,horizon_login.png
,horizon-dashboard.png
horizon_uploadimage1.png,
horizon_uploadimage2.png,
Horizon-SSL-Keystone.png,Horizon-SSL-Keystone.png
HorizonBackupOverview.png,HorizonBackupOverview.png
HorizonSystemInfo.png,HorizonSystemInfo.png
,hos_neutron_venv.png
HOS2_CPST_KPU_bars.png,HOS2_CPST_KPU_bars.png
HOS2_CPST_KPU_lines.png,HOS2_CPST_KPU_lines.png
HOS2_LdapUserLookup_bars.png,HOS2_LdapUserLookup_bars.png
HOS2_LdapUserLookup_lines.png,HOS2_LdapUserLookup_lines.png
HOSKeystoneDomain-SpecificBackend.png,HOSKeystoneDomain-SpecificBackend.png
HPE_HA_Flow-1.png,HPE_HA_Flow-1.png
HPE_HA_Flow-2.png,HPE_HA_Flow-2.png
HPE_HA_Flow-3.png,HPE_HA_Flow-3.png
HPE_HA_Flow-4.png,HPE_HA_Flow-4.png
HPE_HA_Flow.png,HPE_HA_Flow.png
HPE_HA_Layer-3HA.png,
HPE_HA_MySQLGaleraCluster.png,HPE_HA_MySQLGaleraCluster.png
HPE_HA_NodeFailure1.png,HPE_HA_NodeFailure1.png
HPE_HA_NodeFailure2.png,HPE_HA_NodeFailure2.png
,HPE_HA_RequestFlow.png
HPE_InputModel_Flow_40.png,HPE_InputModel_Flow_40.png
,hpe-logo.png
,hphelionopenstack_concepts_lg.png
hphelionopenstack_concepts.png,hphelionopenstack_concepts.png
,hphelionopenstack_directories_lg.png
hphelionopenstack_directories.png,hphelionopenstack_directories.png
,hphelionopenstack_diskmodels_lg.png
hphelionopenstack_diskmodels.png,hphelionopenstack_diskmodels.png
,hphelionopenstack_loadbalancers_lg.png
hphelionopenstack_loadbalancers.png,hphelionopenstack_loadbalancers.png
,hphelionopenstack_networkroutevalidation_lg.png
hphelionopenstack_networkroutevalidation.png,hphelionopenstack_networkroutevalidation.png
,hphelionopenstack_servergroups_lg.png
hphelionopenstack_servergroups.png,hphelionopenstack_servergroups.png
html_representation_1.png,html_representation_1.png
html_representation_2.png,html_representation_2.png
hypervisors.png,hypervisors.png
,icinga_host-details.png
,ilo_boot_order_legacy_bios.png
,images-rdp-advanced-settings.PNG
,images-rdp-allow-program.PNG
,images-rdp-enable-rdp.PNG
,images-rdp-inbound-rules.PNG
,images-rdp-mc-console.PNG
,images-rdp-tcp-in.PNG
,import_mechanisms.png
,information.png
,installer_advanced_options.png
,installer_boot_options.png
ipam.png,ipam.png
,ipam2.png
,ironic_entry_scale_network_model.png
ironic_multi_control_plane.png,ironic_multi_control_plane.png
Keystone-2-Keystone-Sequence-Generic.png,Keystone-2-Keystone-Sequence-Generic.png
Keystone-ADFS-WebSSO-Authentication-Sequence.png,Keystone-ADFS-WebSSO-Authentication-Sequence.png
KeystoneTokenValidationExample.png,KeystoneTokenValidationExample.png
l2gateway5930-2-new.png,l2gateway5930-2-new.png
,l2gateway5930-2.png
l2gateway5930-3-new.png,l2gateway5930-3-new.png
,l2gateway5930-3.png
l2gateway5930-new.png,l2gateway5930-new.png
,l2gateway5930.png
,ldap_flowold.png
LineChartIcon.png,LineChartIcon.png
livemigration1.png,
livemigration2.png,
LoadBalancers1.png,LoadBalancers1.png
LoadBalancers2.png,LoadBalancers2.png
LoadBalancers3.png,LoadBalancers3.png
LoadBalancers4.png,LoadBalancers4.png
LoadBalancers5.png,LoadBalancers5.png
LoadBalancers6.png,LoadBalancers6.png
LoadBalancers7.png,LoadBalancers7.png
LoadBalancers8.png,LoadBalancers8.png
Login.png,Login.png
logservice_arch.png,logservice_arch.png
magnum_sequence_diagram.png,magnum_sequence_diagram.png
magnum_service_arch_diagram.png,magnum_service_arch_diagram.png
,mid_scale_kvm_vsa_lg.png
,mid_scale_kvm_vsa_notes_lg.png
,mid_scale_kvm_vsa_notes.png
,mid_scale_kvm_vsa.png
,Mid-Scale-2pxBorder.png
Mid-Scale-AllNetworks.png,Mid-Scale-AllNetworks.png
,Mid-Scale-Conf.png
,Mid-Scale-External-API.png
,Mid-Scale-External-VM.png
,Mid-Scale-Guest.png
,Mid-Scale-Internal-API.png
,Mid-Scale-ISCSI.png
,Mid-Scale-Management.png
,Mid-Scale-Octavia.png
,Mid-Scale-Provider.png
,Mid-Scale-Swift.png
midscale_kvm_vsa_notes_1000.png,
monasca_diagram.png,monasca_diagram.png
Monasca_Service_Arch_Diagram.png,Monasca_Service_Arch_Diagram.png
,monasca-delete-ovsvapp.png
multi-region.png,multi-region.png
nagios_int1.png,
nagios_int2.png,
nagios_int3.png,
nagios.png,
,multipath_install_edit_argument.png
,multipath_install_edit.png
,mysql-galera-cluster.png
NewDomain1.png,NewDomain1.png
NewDomain2.png,NewDomain2.png
NewDomain3.png,NewDomain3.png
NewProject1.png,NewProject1.png
NewProject2.png,NewProject2.png
NewProject3.png,NewProject3.png
NewProject4.png,NewProject4.png
NewUser1.png,NewUser1.png
NewUser2.png,NewUser2.png
NewUser3.png,NewUser3.png
NewUser4.png,NewUser4.png
NewUser5.png,NewUser5.png
Non-ConcurrentLDAPUserLookup_bars.png,Non-ConcurrentLDAPUserLookup_bars.png
Non-ConcurrentLdapUserLookup_base_lines.png,Non-ConcurrentLdapUserLookup_base_lines.png
Non-ConcurrentLdapUserLookup_lines.png,Non-ConcurrentLdapUserLookup_lines.png
ObjStorageCapacity.png,ObjStorageCapacity.png
ObjStorageInventory1.png,ObjStorageInventory1.png
,ObjStorageSumm1.png
ObjStorageSumm2.png,ObjStorageSumm2.png
OneViewWebRegister.png,OneViewWebRegister.png
operation_disk_setup.png,operation_disk_setup.png
opscon_chart_cinder_totalavail.png,opscon_chart_cinder_totalavail.png
opscon_chart_cinder_totalcap.png,opscon_chart_cinder_totalcap.png
opsconsole_createnotificationmethod.png,
opsconsole_createnotificationmethod1.png,
opsconsole_createnotificationmethod3.png,
opsconsole_createnotificationmethod4.png,
opsconsole_createnotificationmethod6.png,
opsconsole_hostalarm.png,
OpsConsoleBurgerMenu.png,OpsConsoleBurgerMenu.png
OpsConsoleDashboard.png,OpsConsoleDashboard.png
OpsConsoleGetHelp.png,OpsConsoleGetHelp.png
,OpsConsoleLogin.png
OpsConsoleSwiftAlarmSumm.png,OpsConsoleSwiftAlarmSumm.png
,other_application_content.png
,OVSvApp_all_vm_power.png
physical-architecture_ceph.png,physical-architecture_ceph.png
plus.png,plus.png
pop-up_box.png,pop-up_box.png
ProjectMembers1.png,ProjectMembers1.png
ProjectMembers2.png,ProjectMembers2.png
ProjectMembers3.png,ProjectMembers3.png
Quotas-HOS30.png,
,quotas.png
quotas2.png,quotas2.png
RemoveUser1.png,RemoveUser1.png
RemoveUser2.png,RemoveUser2.png
RemoveUser3.png,RemoveUser3.png
RemoveUser4.png,RemoveUser4.png
,Restore-Nova-List.png
rgw.png,rgw.png
routers.png,routers.png
rules3.png,rules3.png
services.png,services.png
SetDomain1.png,SetDomain1.png
SetDomain2.png,SetDomain2.png
,SherpaConfigure.png
,SherpaImport.png
SignOut.png,SignOut.png
,sirius-cli-processflow.png
sriov_pcpit.png,sriov_pcpit.png
StackedBarIcon.png,StackedBarIcon.png
stacks.png,stacks.png
status_change.png,status_change.png
storage_selection.png,storage_selection.png
,storeserv-integration.png
,storevirtual-cinder-api.png
,storevirtual-cluster-network-diagram1.png
,storevirtual-cmc1.png
,storevirtual-cmc2.png
,storevirtual-cmc3.png
,storevirtual-cmc4.png
,storevirtual-cmc5.png
,storevirtual-cmc6.png
,storevirtual-cmc7.png
,storevirtual-integration.png
,storevirtual-scale-out-vsa.png
,storevirtual-volume-mapping-new.png
,storevitual-development-platform.png
,swift_deployment-architecture-different-object-overcloud-controller-nodes.png
,swift_deployment-architecture-different-object-without-overcloud-controller-nodes.png
,swift_icinga_view-details.png
,swift_icinga-disk-monitoring.png
,swift_icinga-disk-usage.png
,swift_icinga-drive-audit.png
,swift_icinga-file-ownership.png
,swift_icinga-health-status.png
,swift_icinga-mount-points.png
,swift_icinga-network-interface.png
,swift_icinga-replication-status.png
,swift_icinga-swift-ping-host.png
,swift_icinga-swift-proxy-healthcheck.png
,swift_icinga-swift-services.png
,swift-cluster-lifecycle.png
sysinfo.png,sysinfo.png
,topology_esx.png
,topology_esxnew.png
,topology_kvm.png
,ubuntu_login.png
,uefi_edit_selection.png
,uefi_installer_menu.png
,uefi_multipath_install_edit_argument.png
,uefi_multipath_true.png
,undercloud-storeserv-add-backend.png
,undercloud-storeserv-add-backendoption.png
,undercloud-storeserv-add-backendoption1.png
,undercloud-storeserv-add-backendoption2.png
,undercloud-storeserv-expand-backend.png
,undercloud-storeserv-expand-backend1.png
,undercloud-storeserv-expand-backend2.png
,undercloud-storeserv-generate-config.png
,undercloud-storeserv-main-page.png
,undercloud-storeserv-register-cpg.png
,undercloud-storeserv-register-cpgpage.png
,undercloud-storeserv-register-storeserv.png
,undercloud-storeserv-registered-cpg.png
,undercloud-storeserv-registered-storeserv.png
,undercloud-storeserv-shrink-backend.png
,undercloud-storeserv-shrink-backend1.png
,undercloud-storeserv-shrink-backend2.png
,undercloud-storeserv-unregister-storeserv.png
,undercloud-storevirtual-add-backend.png
,undercloud-storevirtual-add-backendoption.png
,undercloud-storevirtual-add-backendoption1.png
,undercloud-storevirtual-add-backendoption3.png
,undercloud-storevirtual-edit-cluster.png
,undercloud-storevirtual-expand-backend.png
,undercloud-storevirtual-expand-backendoption1.png
,undercloud-storevirtual-generate-config.png
,undercloud-storevirtual-more-options.png
,undercloud-storevirtual-register-page.png
,undercloud-storevirtual-register.png
,undercloud-storevirtual-registered-cluster.png
,undercloud-storevirtual-shrink-backend.png
,undercloud-storevirtual-shrink-backend1.png
,Update_OC_Image_ID.png
,Update_OC_IP.png
,Update_UC_Image_ID.png
,vertica_cluster.png
,vertica_home.png
,vertica_logview.png
,vertica_settings.png
,view-extra-specs-hos-1.1.png
ViewDomain1.png,ViewDomain1.png
ViewDomain2.png,ViewDomain2.png
ViewProjects1.png,ViewProjects1.png
ViewProjects2.png,ViewProjects2.png
,vlan.network.layout.png
,vlan.provider.network.logical.png
vncview1.png,vncview1.png
,VNIC-Types.png
,warning_1.png
warning_1.png,warning_2.png
warning_2.png,warning.png
xming1.png,xming1.png
xrdp1.PNG,xrdp1.PNG
xrdp2.PNG,xrdp2.PNG
xrdp3.PNG,xrdp3.PNG
