DI-HTML-DITAS,helionDITAfilesWPNGs
add_vsa_node.dita,add_vsa_node.dita
bura_overview.dita,bura_overview.dita
central_log_access_data.dita,central_log_access_data.dita
central_log_understanding.dita,central_log_understanding.dita
ceph_overview.dita,ceph_overview.dita
ceph_twonetworks_config.dita,ceph_twonetworks_config.dita
charts.dita,charts.dita
cloudadmin_dashboard.dita,cloudadmin_dashboard.dita
concepts.dita,concepts.dita
config_mon_notemail.dita,config_mon_notemail.dita
configure_vsa.dita,configure_vsa.dita
controlplanes_regions.dita,controlplanes_regions.dita
create_image.dita,create_image.dita
create_keypair.dita,create_keypair.dita
create_magnum_cluster_dashboard.dita,create_magnum_cluster_dashboard.dita
create_magnum_cluster.dita,create_magnum_cluster.dita
create_network.dita,create_network.dita
creating_voltype.dita,creating_voltype.dita
crt_arch_transform_spark.dita,crt_arch_transform_spark.dita
crt_deployment.dita,crt_deployment.dita
deploy_esx_cloud.dita,disk.dita
diskmodel.dita,diskmodel.dita
endpoints.dita,endpoints.dita
entryscale_esx_kvm_vsa_mml.dita,entryscale_esx_kvm_vsa_mml.dita
entryscale_esx_kvm_vsa.dita,entryscale_esx_kvm_vsa.dita
entryscale_ironic_multi_tenancy.dita,entryscale_ironic_multi_tenancy.dita
entryscale_ironic.dita,entryscale_ironic.dita
entryscale_kvm_ceph_onenetwork.dita,entryscale_kvm_ceph_onenetwork.dita
entryscale_kvm_ceph_twonetwork.dita,entryscale_kvm_ceph_twonetwork.dita
entryscale_kvm_ceph.dita,entryscale_kvm_ceph.dita
entryscale_kvm_dedicated.dita,entryscale_kvm_dedicated.dita
entryscale_kvm_vsa.dita,entryscale_kvm_vsa.dita
entryscale_swift.dita,entryscale_swift.dita
eon_service.dita,eon_service.dita
esx_host_commissioning.dita,esx_host_commissioning.dita
esx_troubleshooting.dita,esx_troubleshooting.dita
F5BIG_IP_verify.dita,F5BIG_IP_verify.dita
freezer_ui.dita,freezer_ui.dita
help_opsconsole.dita,help_opsconsole.dita
high_availability.dita,high_availability.dita
horizon_domainadmin.dita,horizon_domainadmin.dita
horizon_ssl_auth.dita,horizon_ssl_auth.dita
html_representation.dita,html_representation.dita
hw_support_diskcalc.dita,hw_support_diskcalc.dita
identity_benchmark.dita,identity_benchmark.dita
install_vcp.dita,
installation_verification.dita,installation_verification.dita
installing_esx_kvm_vsa_with_noop.dita,
installing_esx_kvm_vsa.dita,
integrating_logstash_splunk.dita,integrating_logstash_splunk.dita
integrating_nagios.dita,integrating_nagios.dita
integrating_splunk.dita,integrating_splunk.dita
ironic_configuration.dita,
ironic_multi_control_plane.dita,ironic_multi_control_plane.dita
ironic_oneview_integration.dita,ironic_oneview_integration.dita
ironic_provisioning.dita,
ironic_troubleshooting.dita,ironic_troubleshooting.dita
keystone_federation.dita,keystone_federation.dita
keystone_ldap_integration.dita,keystone_ldap_integration.dita
keystone_token_validation.dita,keystone_token_validation.dita
l2gw5930.dita,l2gw5930.dita
lbaas_dashboard.dita,lbaas_dashboard.dita
live_migration.dita,live_migration.dita
magnum_architecture.dita,magnum_architecture.dita
manage_compute_instances.dita,manage_compute_instances.dita
managing_notificationmethods.dita,managing_notificationmethods.dita
managing_quotas.dita,managing_quotas.dita
metering_apis.dita,metering_apis.dita
metering_bestpractice.dita,
metric_monitoring.dita,metric_monitoring.dita
midscale_kvm_vsa.dita,midscale_kvm_vsa.dita
monitoring_overview.dita,monitoring_overview.dita
multipath_boot_from_san.dita,
network_esx_ovsvapp.dita,network_esx_ovsvapp.dita
networkroutevalidation.dita,networkroutevalidation.dita
ops_dashboard_overview.dita,ops_dashboard_overview.dita
opsconsole_dashboard.dita,opsconsole_dashboard.dita
opsconsole_dashboard.dita,opsconsole_dashboard.dita
opsconsole_dashboard.dita,opsconsole_dashboard.dita
OpsConsole_manage_swift.dita,OpsConsole_manage_swift.dita
pcipt_sriov_config.dita,pcipt_sriov_config.dita
reconfigure_vsa_verb_add_extra_disk.dita,reconfigure_vsa_verb_add_extra_disk.dita
reconfigure_vsa_verb_add_remove_extra_disk.dita,reconfigure_vsa_verb_add_remove_extra_disk.dita
remove_existing_cluster_compute_resource_pool.dita,remove_existing_cluster_compute_resource_pool.dita
remove_vsa_node.dita,
removing_esx_host_from_cluster.dita,removing_esx_host_from_cluster.dita
restart_controller.dita,restart_controller.dita
servergroups_failurezones.dita,servergroups_failurezones.dita
SolidFire_verify30.dita,SolidFire_verify30.dita
standalone_deployer.dita,standalone_deployer.dita
,tech_overview_openstack.dita
test.dita,
third_party_service_integration.dita,
ts_blockstorage.dita,ts_blockstorage.dita
update_disk_models.dita,
upgrade_401.dita,upgrade_401.dita
usage_ceph_storage_helion.dita,usage_ceph_storage_helion.dita
user_dashboard_overview.dita,user_dashboard_overview.dita
using_flavor_metadata.dita,using_flavor_metadata.dita
using_ipam.dita,using_ipam.dita
verify_block_storage.dita,verify_block_storage.dita
websso.dita,websso.dita
